Position,Name + ID,Name,ID,Roster Position,Salary,Game Info,TeamAbbrev,AvgPointsPerGame,Status
WR,Jaxon Smith-Njigba (44312562),Jaxon Smith-Njigba,44312562,WR/FLEX,9100,LAC@SEA 10/04/2026 04:25PM ET,SEA,37.7,
RB,Derrick Henry (44312276),Derrick Henry,44312276,RB/FLEX,8400,TEN@BAL 10/04/2026 01:00PM ET,BAL,26,
RB,Kenneth Walker III (44312278),Kenneth Walker III,44312278,RB/FLEX,8200,KC@LV 10/04/2026 04:25PM ET,KC,28.4,
WR,Ja'Marr Chase (44312564),Ja'Marr Chase,44312564,WR/FLEX,8100,JAX@CIN 10/04/2026 01:00PM ET,CIN,18.2,
WR,CeeDee Lamb (44312566),CeeDee Lamb,44312566,WR/FLEX,7800,DAL@HOU 10/04/2026 01:00PM ET,DAL,25.6,
QB,Josh Allen (44312197),Josh Allen,44312197,QB,7700,NE@BUF 10/04/2026 01:00PM ET,BUF,33.3,Q
RB,Christian McCaffrey (44312280),Christian McCaffrey,44312280,RB/FLEX,7700,DEN@SF 10/04/2026 04:25PM ET,SF,19.3,
WR,Puka Nacua (44312568),Puka Nacua,44312568,WR/FLEX,7500,LAR@PHI 10/04/2026 01:00PM ET,LAR,12.4,Q
RB,James Cook III (44312282),James Cook III,44312282,RB/FLEX,7400,NE@BUF 10/04/2026 01:00PM ET,BUF,19.1,
QB,Lamar Jackson (44312198),Lamar Jackson,44312198,QB,7300,TEN@BAL 10/04/2026 01:00PM ET,BAL,21.7,
WR,Justin Jefferson (44312570),Justin Jefferson,44312570,WR/FLEX,7300,MIA@MIN 10/04/2026 04:05PM ET,MIN,15,Q
WR,Nico Collins (44312572),Nico Collins,44312572,WR/FLEX,7200,DAL@HOU 10/04/2026 01:00PM ET,HOU,21.2,Q
RB,Ashton Jeanty (44312284),Ashton Jeanty,44312284,RB/FLEX,7100,KC@LV 10/04/2026 04:25PM ET,LV,19.4,
WR,DeVonta Smith (44312574),DeVonta Smith,44312574,WR/FLEX,7100,LAR@PHI 10/04/2026 01:00PM ET,PHI,17.2,
WR,Davante Adams (44312576),Davante Adams,44312576,WR/FLEX,7000,LAR@PHI 10/04/2026 01:00PM ET,LAR,23.9,
WR,Zay Flowers (44312578),Zay Flowers,44312578,WR/FLEX,6900,TEN@BAL 10/04/2026 01:00PM ET,BAL,22.2,
TE,Brock Bowers (44313018),Brock Bowers,44313018,TE/FLEX,6900,KC@LV 10/04/2026 04:25PM ET,LV,30.6,
QB,Joe Burrow (44312199),Joe Burrow,44312199,QB,6800,JAX@CIN 10/04/2026 01:00PM ET,CIN,18.3,
RB,Saquon Barkley (44312286),Saquon Barkley,44312286,RB/FLEX,6800,LAR@PHI 10/04/2026 01:00PM ET,PHI,7,
WR,Garrett Wilson (44312580),Garrett Wilson,44312580,WR/FLEX,6800,NYJ@CHI 10/04/2026 01:00PM ET,NYJ,20.1,
QB,Brock Purdy (44312200),Brock Purdy,44312200,QB,6700,DEN@SF 10/04/2026 04:25PM ET,SF,27.3,
WR,Christian Watson (44312582),Christian Watson,44312582,WR/FLEX,6700,GB@TB 10/04/2026 01:00PM ET,GB,24.1,
QB,Jalen Hurts (44312201),Jalen Hurts,44312201,QB,6600,LAR@PHI 10/04/2026 01:00PM ET,PHI,18.8,
RB,Javonte Williams (44312288),Javonte Williams,44312288,RB/FLEX,6600,DAL@HOU 10/04/2026 01:00PM ET,DAL,16.8,
WR,Mike Evans (44312584),Mike Evans,44312584,WR/FLEX,6600,DEN@SF 10/04/2026 04:25PM ET,SF,12.6,Q
QB,Patrick Mahomes (44312202),Patrick Mahomes,44312202,QB,6500,KC@LV 10/04/2026 04:25PM ET,KC,23.9,
RB,De'Von Achane (44312290),De'Von Achane,44312290,RB/FLEX,6500,MIA@MIN 10/04/2026 04:05PM ET,MIA,8.2,IR
WR,Parker Washington (44312586),Parker Washington,44312586,WR/FLEX,6500,JAX@CIN 10/04/2026 01:00PM ET,JAX,16.4,
TE,Trey McBride (44313020),Trey McBride,44313020,TE/FLEX,6500,ARI@NYG 10/04/2026 01:00PM ET,ARI,19.7,
QB,Dak Prescott (44312203),Dak Prescott,44312203,QB,6400,DAL@HOU 10/04/2026 01:00PM ET,DAL,21.4,
RB,D'Andre Swift (44312292),D'Andre Swift,44312292,RB/FLEX,6400,NYJ@CHI 10/04/2026 01:00PM ET,CHI,20,
WR,Rashee Rice (44312588),Rashee Rice,44312588,WR/FLEX,6400,KC@LV 10/04/2026 04:25PM ET,KC,12.7,
QB,Caleb Williams (44312204),Caleb Williams,44312204,QB,6300,NYJ@CHI 10/04/2026 01:00PM ET,CHI,23,D
RB,Josh Jacobs (44312294),Josh Jacobs,44312294,RB/FLEX,6300,GB@TB 10/04/2026 01:00PM ET,GB,0,OUT
RB,Omarion Hampton (44312296),Omarion Hampton,44312296,RB/FLEX,6300,LAC@SEA 10/04/2026 04:25PM ET,LAC,11.1,
WR,George Pickens (44312590),George Pickens,44312590,WR/FLEX,6300,DAL@HOU 10/04/2026 01:00PM ET,DAL,10.3,
QB,Matthew Stafford (44312205),Matthew Stafford,44312205,QB,6200,LAR@PHI 10/04/2026 01:00PM ET,LAR,20.7,
RB,Breece Hall (44312298),Breece Hall,44312298,RB/FLEX,6200,NYJ@CHI 10/04/2026 01:00PM ET,NYJ,15.2,D
WR,Jaylen Waddle (44312592),Jaylen Waddle,44312592,WR/FLEX,6200,DEN@SF 10/04/2026 04:25PM ET,DEN,10.8,Q
RB,Cam Skattebo (44312300),Cam Skattebo,44312300,RB/FLEX,6100,ARI@NYG 10/04/2026 01:00PM ET,NYG,12.2,
RB,Chase Brown (44312302),Chase Brown,44312302,RB/FLEX,6100,JAX@CIN 10/04/2026 01:00PM ET,CIN,13,
WR,Tee Higgins (44312594),Tee Higgins,44312594,WR/FLEX,6100,JAX@CIN 10/04/2026 01:00PM ET,CIN,14.8,
QB,Drake Maye (44312206),Drake Maye,44312206,QB,6000,NE@BUF 10/04/2026 01:00PM ET,NE,9.5,
RB,Aaron Jones Sr. (44312304),Aaron Jones Sr.,44312304,RB/FLEX,6000,MIA@MIN 10/04/2026 04:05PM ET,MIN,12.6,
RB,Bucky Irving (44312306),Bucky Irving,44312306,RB/FLEX,6000,GB@TB 10/04/2026 01:00PM ET,TB,14,
WR,Malik Nabers (44312596),Malik Nabers,44312596,WR/FLEX,6000,ARI@NYG 10/04/2026 01:00PM ET,NYG,7.2,
QB,Trevor Lawrence (44312207),Trevor Lawrence,44312207,QB,5900,JAX@CIN 10/04/2026 01:00PM ET,JAX,18,
RB,Kyren Williams (44312308),Kyren Williams,44312308,RB/FLEX,5900,LAR@PHI 10/04/2026 01:00PM ET,LAR,18,
WR,Emeka Egbuka (44312598),Emeka Egbuka,44312598,WR/FLEX,5900,GB@TB 10/04/2026 01:00PM ET,TB,10.9,
QB,Jordan Love (44312208),Jordan Love,44312208,QB,5800,GB@TB 10/04/2026 01:00PM ET,GB,20.3,
RB,Jeremiyah Love (44312310),Jeremiyah Love,44312310,RB/FLEX,5800,ARI@NYG 10/04/2026 01:00PM ET,ARI,14.1,
WR,Ladd McConkey (44312600),Ladd McConkey,44312600,WR/FLEX,5800,LAC@SEA 10/04/2026 04:25PM ET,LAC,12.1,
QB,C.J. Stroud (44312209),C.J. Stroud,44312209,QB,5700,DAL@HOU 10/04/2026 01:00PM ET,HOU,16.7,
RB,David Montgomery (44312312),David Montgomery,44312312,RB/FLEX,5700,DAL@HOU 10/04/2026 01:00PM ET,HOU,13.4,
WR,DJ Moore (44312602),DJ Moore,44312602,WR/FLEX,5700,NE@BUF 10/04/2026 01:00PM ET,BUF,12.2,
QB,Bo Nix (44312210),Bo Nix,44312210,QB,5600,DEN@SF 10/04/2026 04:25PM ET,DEN,15.9,
RB,Bhayshul Tuten (44312314),Bhayshul Tuten,44312314,RB/FLEX,5600,JAX@CIN 10/04/2026 01:00PM ET,JAX,13.7,
WR,Deebo Samuel Sr. (44312604),Deebo Samuel Sr.,44312604,WR/FLEX,5600,DEN@SF 10/04/2026 04:25PM ET,SF,13.3,
QB,Sam Darnold (44312211),Sam Darnold,44312211,QB,5500,LAC@SEA 10/04/2026 04:25PM ET,SEA,16.6,
RB,Ollie Gordon II (44312316),Ollie Gordon II,44312316,RB/FLEX,5500,MIA@MIN 10/04/2026 04:05PM ET,MIA,5.1,
WR,Michael Wilson (44312606),Michael Wilson,44312606,WR/FLEX,5500,ARI@NYG 10/04/2026 01:00PM ET,ARI,13.4,
QB,Justin Herbert (44312212),Justin Herbert,44312212,QB,5400,LAC@SEA 10/04/2026 04:25PM ET,LAC,12.6,
RB,Tony Pollard (44312318),Tony Pollard,44312318,RB/FLEX,5400,TEN@BAL 10/04/2026 01:00PM ET,TEN,8.5,Q
WR,Matthew Golden (44312608),Matthew Golden,44312608,WR/FLEX,5400,GB@TB 10/04/2026 01:00PM ET,GB,16.4,
QB,Kyler Murray (44312213),Kyler Murray,44312213,QB,5300,MIA@MIN 10/04/2026 04:05PM ET,MIN,6,
RB,J.K. Dobbins (44312320),J.K. Dobbins,44312320,RB/FLEX,5300,DEN@SF 10/04/2026 04:25PM ET,DEN,4.5,
RB,Tank Bigsby (44312322),Tank Bigsby,44312322,RB/FLEX,5300,LAR@PHI 10/04/2026 01:00PM ET,PHI,4.2,
WR,Jordan Addison (44312610),Jordan Addison,44312610,WR/FLEX,5300,MIA@MIN 10/04/2026 04:05PM ET,MIN,8,
TE,Dalton Kincaid (44313022),Dalton Kincaid,44313022,TE/FLEX,5300,NE@BUF 10/04/2026 01:00PM ET,BUF,16.1,
QB,Baker Mayfield (44312214),Baker Mayfield,44312214,QB,5200,GB@TB 10/04/2026 01:00PM ET,TB,13.4,OUT
QB,Geno Smith (44312215),Geno Smith,44312215,QB,5200,NYJ@CHI 10/04/2026 01:00PM ET,NYJ,18.3,
RB,TreVeyon Henderson (44312324),TreVeyon Henderson,44312324,RB/FLEX,5200,NE@BUF 10/04/2026 01:00PM ET,NE,8.8,
RB,Braelon Allen (44312326),Braelon Allen,44312326,RB/FLEX,5200,NYJ@CHI 10/04/2026 01:00PM ET,NYJ,5.7,
WR,Luther Burden III (44312612),Luther Burden III,44312612,WR/FLEX,5200,NYJ@CHI 10/04/2026 01:00PM ET,CHI,12.2,
QB,Kirk Cousins (44312216),Kirk Cousins,44312216,QB,5100,KC@LV 10/04/2026 04:25PM ET,LV,19.7,
RB,Rhamondre Stevenson (44312328),Rhamondre Stevenson,44312328,RB/FLEX,5100,NE@BUF 10/04/2026 01:00PM ET,NE,8.6,
RB,Jadarian Price (44312330),Jadarian Price,44312330,RB/FLEX,5100,LAC@SEA 10/04/2026 04:25PM ET,SEA,5.3,
WR,Tre Tucker (44312614),Tre Tucker,44312614,WR/FLEX,5100,KC@LV 10/04/2026 04:25PM ET,LV,13,
TE,George Kittle (44313024),George Kittle,44313024,TE/FLEX,5100,DEN@SF 10/04/2026 04:25PM ET,SF,15.8,
QB,Jacoby Brissett (44312217),Jacoby Brissett,44312217,QB,5000,ARI@NYG 10/04/2026 01:00PM ET,ARI,16.5,
RB,RJ Harvey (44312332),RJ Harvey,44312332,RB/FLEX,5000,DEN@SF 10/04/2026 04:25PM ET,DEN,9.4,
RB,Jaylen Wright (44312334),Jaylen Wright,44312334,RB/FLEX,5000,MIA@MIN 10/04/2026 04:05PM ET,MIA,0.5,Q
WR,Rome Odunze (44312616),Rome Odunze,44312616,WR/FLEX,5000,NYJ@CHI 10/04/2026 01:00PM ET,CHI,7.3,
WR,Jakobi Meyers (44312618),Jakobi Meyers,44312618,WR/FLEX,5000,JAX@CIN 10/04/2026 01:00PM ET,JAX,11.8,
TE,Travis Kelce (44313026),Travis Kelce,44313026,TE/FLEX,5000,KC@LV 10/04/2026 04:25PM ET,KC,17.4,
QB,Malik Willis (44312218),Malik Willis,44312218,QB,4900,MIA@MIN 10/04/2026 04:05PM ET,MIA,14.1,
RB,Kyle Monangai (44312336),Kyle Monangai,44312336,RB/FLEX,4900,NYJ@CHI 10/04/2026 01:00PM ET,CHI,11.4,
RB,Tyjae Spears (44312338),Tyjae Spears,44312338,RB/FLEX,4900,TEN@BAL 10/04/2026 01:00PM ET,TEN,4.6,Q
RB,Blake Corum (44312340),Blake Corum,44312340,RB/FLEX,4900,LAR@PHI 10/04/2026 01:00PM ET,LAR,6.4,
WR,Chris Godwin Jr. (44312620),Chris Godwin Jr.,44312620,WR/FLEX,4900,GB@TB 10/04/2026 01:00PM ET,TB,7.5,
WR,Courtland Sutton (44312622),Courtland Sutton,44312622,WR/FLEX,4900,DEN@SF 10/04/2026 04:25PM ET,DEN,5.4,
QB,Tyson Bagent (44312219),Tyson Bagent,44312219,QB,4800,NYJ@CHI 10/04/2026 01:00PM ET,CHI,2.2,
RB,MarShawn Lloyd (44312344),MarShawn Lloyd,44312344,RB/FLEX,4800,GB@TB 10/04/2026 01:00PM ET,GB,5.7,
RB,Will Shipley (44312346),Will Shipley,44312346,RB/FLEX,4800,LAR@PHI 10/04/2026 01:00PM ET,PHI,3.1,
RB,Tyler Allgeier (44312348),Tyler Allgeier,44312348,RB/FLEX,4800,ARI@NYG 10/04/2026 01:00PM ET,ARI,5.9,
WR,Quentin Johnston (44312624),Quentin Johnston,44312624,WR/FLEX,4800,LAC@SEA 10/04/2026 04:25PM ET,LAC,4.4,
WR,Carnell Tate (44312626),Carnell Tate,44312626,WR/FLEX,4800,TEN@BAL 10/04/2026 01:00PM ET,TEN,8.4,
TE,Dalton Schultz (44313028),Dalton Schultz,44313028,TE/FLEX,4800,DAL@HOU 10/04/2026 01:00PM ET,HOU,14.2,
QB,Cam Ward (44312220),Cam Ward,44312220,QB,4700,TEN@BAL 10/04/2026 01:00PM ET,TEN,14.1,
RB,Woody Marks (44312342),Woody Marks,44312342,RB/FLEX,4700,DAL@HOU 10/04/2026 01:00PM ET,HOU,7.5,
RB,Kenny Gainwell (44312350),Kenny Gainwell,44312350,RB/FLEX,4700,GB@TB 10/04/2026 01:00PM ET,TB,3.4,
RB,Emanuel Wilson (44312352),Emanuel Wilson,44312352,RB/FLEX,4700,LAC@SEA 10/04/2026 04:25PM ET,SEA,3.6,
WR,Romeo Doubs (44312628),Romeo Doubs,44312628,WR/FLEX,4700,NE@BUF 10/04/2026 01:00PM ET,NE,6.8,
WR,Khalil Shakir (44312630),Khalil Shakir,44312630,WR/FLEX,4700,NE@BUF 10/04/2026 01:00PM ET,BUF,5.8,
TE,Colston Loveland (44313030),Colston Loveland,44313030,TE/FLEX,4700,NYJ@CHI 10/04/2026 01:00PM ET,CHI,2.8,
QB,Case Keenum (44312221),Case Keenum,44312221,QB,4600,NYJ@CHI 10/04/2026 01:00PM ET,CHI,24.5,
RB,Chris Rodriguez Jr. (44312354),Chris Rodriguez Jr.,44312354,RB/FLEX,4600,JAX@CIN 10/04/2026 01:00PM ET,JAX,4.4,
RB,Kaelon Black (44312356),Kaelon Black,44312356,RB/FLEX,4600,DEN@SF 10/04/2026 04:25PM ET,SF,4.1,
RB,Kaleb Johnson (44312358),Kaleb Johnson,44312358,RB/FLEX,4600,GB@TB 10/04/2026 01:00PM ET,GB,1.9,
WR,Xavier Worthy (44312632),Xavier Worthy,44312632,WR/FLEX,4600,KC@LV 10/04/2026 04:25PM ET,KC,7.4,
WR,Wan'Dale Robinson (44312634),Wan'Dale Robinson,44312634,WR/FLEX,4600,TEN@BAL 10/04/2026 01:00PM ET,TEN,9.8,
TE,Dallas Goedert (44313032),Dallas Goedert,44313032,TE/FLEX,4600,LAR@PHI 10/04/2026 01:00PM ET,PHI,12.6,D
QB,Jameis Winston (44312222),Jameis Winston,44312222,QB,4500,ARI@NYG 10/04/2026 01:00PM ET,NYG,4.8,
RB,Najee Harris (44312360),Najee Harris,44312360,RB/FLEX,4500,ARI@NYG 10/04/2026 01:00PM ET,NYG,2.9,
RB,George Holani (44312362),George Holani,44312362,RB/FLEX,4500,LAC@SEA 10/04/2026 04:25PM ET,SEA,5.4,
RB,Tyler Badie (44312382),Tyler Badie,44312382,RB/FLEX,4500,DEN@SF 10/04/2026 04:25PM ET,DEN,3.7,
WR,Adonai Mitchell (44312636),Adonai Mitchell,44312636,WR/FLEX,4500,NYJ@CHI 10/04/2026 01:00PM ET,NYJ,10.7,D
WR,Marvin Harrison Jr. (44312638),Marvin Harrison Jr.,44312638,WR/FLEX,4500,ARI@NYG 10/04/2026 01:00PM ET,ARI,3.8,
TE,Isaiah Likely (44313034),Isaiah Likely,44313034,TE/FLEX,4500,ARI@NYG 10/04/2026 01:00PM ET,NYG,13.1,
QB,Jalon Daniels (44312223),Jalon Daniels,44312223,QB,4400,GB@TB 10/04/2026 01:00PM ET,TB,-0.1,
RB,Emmett Johnson (44312364),Emmett Johnson,44312364,RB/FLEX,4400,KC@LV 10/04/2026 04:25PM ET,KC,5.3,
RB,Ty Johnson (44312378),Ty Johnson,44312378,RB/FLEX,4400,NE@BUF 10/04/2026 01:00PM ET,BUF,9,
WR,Kayshon Boutte (44312640),Kayshon Boutte,44312640,WR/FLEX,4400,DAL@HOU 10/04/2026 01:00PM ET,HOU,4.6,
WR,Malik Washington (44312642),Malik Washington,44312642,WR/FLEX,4400,MIA@MIN 10/04/2026 04:05PM ET,MIA,9,
TE,Tucker Kraft (44313036),Tucker Kraft,44313036,TE/FLEX,4400,GB@TB 10/04/2026 01:00PM ET,GB,6.5,
QB,Joe Flacco (44312224),Joe Flacco,44312224,QB,4300,JAX@CIN 10/04/2026 01:00PM ET,CIN,0,
RB,Chris Brooks (44312368),Chris Brooks,44312368,RB/FLEX,4300,GB@TB 10/04/2026 01:00PM ET,GB,2.6,
RB,Keaton Mitchell (44312370),Keaton Mitchell,44312370,RB/FLEX,4300,LAC@SEA 10/04/2026 04:25PM ET,LAC,6.5,
WR,Dontayvion Wicks (44312644),Dontayvion Wicks,44312644,WR/FLEX,4300,LAR@PHI 10/04/2026 01:00PM ET,PHI,11,
WR,Brian Thomas Jr. (44312646),Brian Thomas Jr.,44312646,WR/FLEX,4300,JAX@CIN 10/04/2026 01:00PM ET,JAX,5.3,
WR,Xavier Hutchinson (44312648),Xavier Hutchinson,44312648,WR/FLEX,4300,DAL@HOU 10/04/2026 01:00PM ET,HOU,7.1,
TE,Jake Ferguson (44313038),Jake Ferguson,44313038,TE/FLEX,4300,DAL@HOU 10/04/2026 01:00PM ET,DAL,11.1,
RB,Isaiah Davis (44312372),Isaiah Davis,44312372,RB/FLEX,4200,NYJ@CHI 10/04/2026 01:00PM ET,NYJ,0,
RB,Justice Hill (44312374),Justice Hill,44312374,RB/FLEX,4200,TEN@BAL 10/04/2026 01:00PM ET,BAL,3.6,
RB,DeeJay Dallas (44312376),DeeJay Dallas,44312376,RB/FLEX,4200,MIA@MIN 10/04/2026 04:05PM ET,MIN,1.4,
WR,Rashod Bateman (44312650),Rashod Bateman,44312650,WR/FLEX,4200,TEN@BAL 10/04/2026 01:00PM ET,BAL,9.2,
WR,Jayden Reed (44312652),Jayden Reed,44312652,WR/FLEX,4200,GB@TB 10/04/2026 01:00PM ET,GB,3.2,OUT
WR,Pat Bryant (44312654),Pat Bryant,44312654,WR/FLEX,4200,DEN@SF 10/04/2026 04:25PM ET,DEN,8.1,
TE,Mark Andrews (44313040),Mark Andrews,44313040,TE/FLEX,4200,TEN@BAL 10/04/2026 01:00PM ET,BAL,8.4,
QB,Fernando Mendoza (44312225),Fernando Mendoza,44312225,QB,4100,KC@LV 10/04/2026 04:25PM ET,LV,0,
RB,Mike Washington Jr. (44312366),Mike Washington Jr.,44312366,RB/FLEX,4100,KC@LV 10/04/2026 04:25PM ET,LV,5.4,
RB,Samaje Perine (44312380),Samaje Perine,44312380,RB/FLEX,4100,JAX@CIN 10/04/2026 01:00PM ET,CIN,4.5,
RB,Tyrone Tracy Jr. (44312384),Tyrone Tracy Jr.,44312384,RB/FLEX,4100,ARI@NYG 10/04/2026 01:00PM ET,NYG,0.2,
WR,Tre' Harris (44312656),Tre' Harris,44312656,WR/FLEX,4100,LAC@SEA 10/04/2026 04:25PM ET,LAC,8.3,
WR,Makai Lemon (44312658),Makai Lemon,44312658,WR/FLEX,4100,LAR@PHI 10/04/2026 01:00PM ET,PHI,3.4,
WR,Cooper Kupp (44312660),Cooper Kupp,44312660,WR/FLEX,4100,LAC@SEA 10/04/2026 04:25PM ET,SEA,8,
QB,Drew Lock (44312226),Drew Lock,44312226,QB,4000,LAC@SEA 10/04/2026 04:25PM ET,SEA,17.1,
QB,Carson Wentz (44312227),Carson Wentz,44312227,QB,4000,MIA@MIN 10/04/2026 04:05PM ET,MIN,12.8,
QB,J.J. McCarthy (44312228),J.J. McCarthy,44312228,QB,4000,ARI@NYG 10/04/2026 01:00PM ET,NYG,0,
QB,Tyrod Taylor (44312229),Tyrod Taylor,44312229,QB,4000,GB@TB 10/04/2026 01:00PM ET,GB,0,
QB,Jaxson Dart (44312230),Jaxson Dart,44312230,QB,4000,ARI@NYG 10/04/2026 01:00PM ET,NYG,13.7,IR
QB,Jalen Milroe (44312231),Jalen Milroe,44312231,QB,4000,LAC@SEA 10/04/2026 04:25PM ET,SEA,0,
QB,Trey Lance (44312232),Trey Lance,44312232,QB,4000,LAC@SEA 10/04/2026 04:25PM ET,LAC,0,
QB,DJ Uiagalelei (44312233),DJ Uiagalelei,44312233,QB,4000,LAC@SEA 10/04/2026 04:25PM ET,LAC,0,
QB,Aidan O'Connell (44312234),Aidan O'Connell,44312234,QB,4000,KC@LV 10/04/2026 04:25PM ET,LV,0,Q
QB,Justin Fields (44312235),Justin Fields,44312235,QB,4000,KC@LV 10/04/2026 04:25PM ET,KC,0,
QB,Garrett Nussmeier (44312236),Garrett Nussmeier,44312236,QB,4000,KC@LV 10/04/2026 04:25PM ET,KC,0,
QB,Sam Howell (44312237),Sam Howell,44312237,QB,4000,DAL@HOU 10/04/2026 01:00PM ET,DAL,0,
QB,Joe Milton III (44312238),Joe Milton III,44312238,QB,4000,DAL@HOU 10/04/2026 01:00PM ET,DAL,0,
QB,Davis Mills (44312239),Davis Mills,44312239,QB,4000,DAL@HOU 10/04/2026 01:00PM ET,HOU,0,
QB,Graham Mertz (44312240),Graham Mertz,44312240,QB,4000,DAL@HOU 10/04/2026 01:00PM ET,HOU,0,IR
QB,Cade Klubnik (44312241),Cade Klubnik,44312241,QB,4000,NYJ@CHI 10/04/2026 01:00PM ET,NYJ,0,
QB,Will Levis (44312242),Will Levis,44312242,QB,4000,NYJ@CHI 10/04/2026 01:00PM ET,NYJ,0,
QB,Miller Moss (44312243),Miller Moss,44312243,QB,4000,NYJ@CHI 10/04/2026 01:00PM ET,CHI,0,
QB,Mac Jones (44312244),Mac Jones,44312244,QB,4000,DEN@SF 10/04/2026 04:25PM ET,SF,-0.2,
QB,Kurtis Rourke (44312245),Kurtis Rourke,44312245,QB,4000,DEN@SF 10/04/2026 04:25PM ET,SF,0,
QB,Jarrett Stidham (44312246),Jarrett Stidham,44312246,QB,4000,DEN@SF 10/04/2026 04:25PM ET,DEN,0,
QB,Sam Ehlinger (44312247),Sam Ehlinger,44312247,QB,4000,DEN@SF 10/04/2026 04:25PM ET,DEN,0,
QB,Max Brosmer (44312248),Max Brosmer,44312248,QB,4000,MIA@MIN 10/04/2026 04:05PM ET,MIN,0,
QB,Kyle McCord (44312249),Kyle McCord,44312249,QB,4000,MIA@MIN 10/04/2026 04:05PM ET,MIA,0,
QB,Brady Cook (44312250),Brady Cook,44312250,QB,4000,MIA@MIN 10/04/2026 04:05PM ET,MIA,0,
QB,Gardner Minshew II (44312251),Gardner Minshew II,44312251,QB,4000,ARI@NYG 10/04/2026 01:00PM ET,ARI,0,
QB,Carson Beck (44312252),Carson Beck,44312252,QB,4000,ARI@NYG 10/04/2026 01:00PM ET,ARI,0,
QB,Jake Haener (44312253),Jake Haener,44312253,QB,4000,ARI@NYG 10/04/2026 01:00PM ET,NYG,0,
QB,Andy Dalton (44312254),Andy Dalton,44312254,QB,4000,LAR@PHI 10/04/2026 01:00PM ET,PHI,-1,
QB,Tanner McKee (44312255),Tanner McKee,44312255,QB,4000,LAR@PHI 10/04/2026 01:00PM ET,PHI,0,OUT
QB,Cole Payton (44312256),Cole Payton,44312256,QB,4000,LAR@PHI 10/04/2026 01:00PM ET,PHI,0,OUT
QB,Stetson Bennett IV (44312257),Stetson Bennett IV,44312257,QB,4000,LAR@PHI 10/04/2026 01:00PM ET,LAR,1.4,
QB,Ty Simpson (44312258),Ty Simpson,44312258,QB,4000,LAR@PHI 10/04/2026 01:00PM ET,LAR,0,
QB,Matthew Caldwell (44312259),Matthew Caldwell,44312259,QB,4000,LAR@PHI 10/04/2026 01:00PM ET,LAR,0,IR
QB,Tyler Huntley (44312260),Tyler Huntley,44312260,QB,4000,TEN@BAL 10/04/2026 01:00PM ET,BAL,0,
QB,Joe Fagnano (44312261),Joe Fagnano,44312261,QB,4000,TEN@BAL 10/04/2026 01:00PM ET,BAL,0,
QB,Skylar Thompson (44312262),Skylar Thompson,44312262,QB,4000,TEN@BAL 10/04/2026 01:00PM ET,BAL,0,IR
QB,Mitchell Trubisky (44312263),Mitchell Trubisky,44312263,QB,4000,TEN@BAL 10/04/2026 01:00PM ET,TEN,0,
QB,Hendon Hooker (44312264),Hendon Hooker,44312264,QB,4000,TEN@BAL 10/04/2026 01:00PM ET,TEN,0,
QB,Easton Stick (44312265),Easton Stick,44312265,QB,4000,GB@TB 10/04/2026 01:00PM ET,TB,0,
QB,Kedon Slovis (44312266),Kedon Slovis,44312266,QB,4000,GB@TB 10/04/2026 01:00PM ET,GB,0,
QB,Quinn Ewers (44312267),Quinn Ewers,44312267,QB,4000,JAX@CIN 10/04/2026 01:00PM ET,JAX,0,
QB,Nick Mullens (44312268),Nick Mullens,44312268,QB,4000,JAX@CIN 10/04/2026 01:00PM ET,JAX,-0.3,
QB,Joey Aguilar (44312269),Joey Aguilar,44312269,QB,4000,JAX@CIN 10/04/2026 01:00PM ET,JAX,0,
QB,Sean Clifford (44312270),Sean Clifford,44312270,QB,4000,JAX@CIN 10/04/2026 01:00PM ET,CIN,0,
QB,Josh Johnson (44312271),Josh Johnson,44312271,QB,4000,JAX@CIN 10/04/2026 01:00PM ET,CIN,0,
QB,Tommy DeVito (44312272),Tommy DeVito,44312272,QB,4000,NE@BUF 10/04/2026 01:00PM ET,NE,1.4,
QB,Behren Morton (44312273),Behren Morton,44312273,QB,4000,NE@BUF 10/04/2026 01:00PM ET,NE,0,
QB,Kyle Allen (44312274),Kyle Allen,44312274,QB,4000,NE@BUF 10/04/2026 01:00PM ET,BUF,0,
QB,Shane Buechele (44312275),Shane Buechele,44312275,QB,4000,NE@BUF 10/04/2026 01:00PM ET,BUF,0,
RB,Devin Singletary (44312386),Devin Singletary,44312386,RB/FLEX,4000,ARI@NYG 10/04/2026 01:00PM ET,NYG,7.4,
RB,Emari Demercado (44312388),Emari Demercado,44312388,RB/FLEX,4000,DAL@HOU 10/04/2026 01:00PM ET,DAL,0.8,
RB,Jonah Coleman (44312390),Jonah Coleman,44312390,RB/FLEX,4000,DEN@SF 10/04/2026 04:25PM ET,DEN,7.4,IR
RB,Ray Davis (44312392),Ray Davis,44312392,RB/FLEX,4000,NE@BUF 10/04/2026 01:00PM ET,BUF,0.1,
RB,Velus Jones Jr. (44312394),Velus Jones Jr.,44312394,RB/FLEX,4000,LAC@SEA 10/04/2026 04:25PM ET,SEA,0,
RB,Zach Charbonnet (44312396),Zach Charbonnet,44312396,RB/FLEX,4000,LAC@SEA 10/04/2026 04:25PM ET,SEA,0,OUT
RB,Jacardia Wright (44312398),Jacardia Wright,44312398,RB/FLEX,4000,LAC@SEA 10/04/2026 04:25PM ET,SEA,0,
RB,Brady Russell (44312400),Brady Russell,44312400,RB/FLEX,4000,LAC@SEA 10/04/2026 04:25PM ET,SEA,2.3,
RB,Robbie Ouzts (44312402),Robbie Ouzts,44312402,RB/FLEX,4000,LAC@SEA 10/04/2026 04:25PM ET,SEA,0,IR
RB,Kimani Vidal (44312404),Kimani Vidal,44312404,RB/FLEX,4000,LAC@SEA 10/04/2026 04:25PM ET,LAC,1,
RB,Alec Ingold (44312406),Alec Ingold,44312406,RB/FLEX,4000,LAC@SEA 10/04/2026 04:25PM ET,LAC,2.2,
RB,Amar Johnson (44312408),Amar Johnson,44312408,RB/FLEX,4000,LAC@SEA 10/04/2026 04:25PM ET,LAC,0,
RB,Gregory Desrosiers (44312410),Gregory Desrosiers,44312410,RB/FLEX,4000,LAC@SEA 10/04/2026 04:25PM ET,LAC,0,
RB,Scott Matlock (44312412),Scott Matlock,44312412,RB/FLEX,4000,LAC@SEA 10/04/2026 04:25PM ET,LAC,0,IR
RB,Dylan Laube (44312414),Dylan Laube,44312414,RB/FLEX,4000,KC@LV 10/04/2026 04:25PM ET,LV,-0.3,
RB,Chris Collier (44312416),Chris Collier,44312416,RB/FLEX,4000,KC@LV 10/04/2026 04:25PM ET,LV,0,IR
RB,Roman Hemby (44312418),Roman Hemby,44312418,RB/FLEX,4000,KC@LV 10/04/2026 04:25PM ET,LV,0,
RB,Dare Ogunbowale (44312420),Dare Ogunbowale,44312420,RB/FLEX,4000,DAL@HOU 10/04/2026 01:00PM ET,HOU,0,
RB,Connor Heyward (44312422),Connor Heyward,44312422,RB/FLEX,4000,KC@LV 10/04/2026 04:25PM ET,LV,0.1,
RB,Brashard Smith (44312424),Brashard Smith,44312424,RB/FLEX,4000,KC@LV 10/04/2026 04:25PM ET,KC,0.5,
RB,Jaydn Ott (44312426),Jaydn Ott,44312426,RB/FLEX,4000,KC@LV 10/04/2026 04:25PM ET,KC,0,
RB,Nate Carter (44312428),Nate Carter,44312428,RB/FLEX,4000,KC@LV 10/04/2026 04:25PM ET,KC,0,
RB,Ben VanSumeren (44312430),Ben VanSumeren,44312430,RB/FLEX,4000,KC@LV 10/04/2026 04:25PM ET,KC,0,
RB,Tyler Goodson (44312432),Tyler Goodson,44312432,RB/FLEX,4000,DAL@HOU 10/04/2026 01:00PM ET,DAL,2.7,
RB,Malik Davis (44312434),Malik Davis,44312434,RB/FLEX,4000,DAL@HOU 10/04/2026 01:00PM ET,DAL,0,IR
RB,Israel Abanikanda (44312436),Israel Abanikanda,44312436,RB/FLEX,4000,DAL@HOU 10/04/2026 01:00PM ET,DAL,0,
RB,Hunter Luepke (44312438),Hunter Luepke,44312438,RB/FLEX,4000,DAL@HOU 10/04/2026 01:00PM ET,DAL,0.3,
RB,British Brooks (44312440),British Brooks,44312440,RB/FLEX,4000,DAL@HOU 10/04/2026 01:00PM ET,HOU,0,
RB,Jawhar Jordan (44312442),Jawhar Jordan,44312442,RB/FLEX,4000,DAL@HOU 10/04/2026 01:00PM ET,HOU,0,
RB,Noah Whittington (44312444),Noah Whittington,44312444,RB/FLEX,4000,DAL@HOU 10/04/2026 01:00PM ET,HOU,0,
RB,Kene Nwangwu (44312446),Kene Nwangwu,44312446,RB/FLEX,4000,NYJ@CHI 10/04/2026 01:00PM ET,NYJ,0,Q
RB,Andrew Beck (44312448),Andrew Beck,44312448,RB/FLEX,4000,NYJ@CHI 10/04/2026 01:00PM ET,NYJ,0,
RB,Chip Trayanum (44312450),Chip Trayanum,44312450,RB/FLEX,4000,NYJ@CHI 10/04/2026 01:00PM ET,NYJ,0,IR
RB,Al-Jay Henderson (44312452),Al-Jay Henderson,44312452,RB/FLEX,4000,NYJ@CHI 10/04/2026 01:00PM ET,NYJ,0,
RB,Roschon Johnson (44312454),Roschon Johnson,44312454,RB/FLEX,4000,NYJ@CHI 10/04/2026 01:00PM ET,CHI,0,
RB,Brittain Brown (44312456),Brittain Brown,44312456,RB/FLEX,4000,NYJ@CHI 10/04/2026 01:00PM ET,CHI,0,IR
RB,Zavier Scott (44312458),Zavier Scott,44312458,RB/FLEX,4000,NYJ@CHI 10/04/2026 01:00PM ET,CHI,0,
RB,Salvon Ahmed (44312460),Salvon Ahmed,44312460,RB/FLEX,4000,NYJ@CHI 10/04/2026 01:00PM ET,CHI,0,
RB,Jordan James (44312462),Jordan James,44312462,RB/FLEX,4000,DEN@SF 10/04/2026 04:25PM ET,SF,0.8,
RB,Isaac Guerendo (44312464),Isaac Guerendo,44312464,RB/FLEX,4000,DEN@SF 10/04/2026 04:25PM ET,SF,0,OUT
RB,Kyle Juszczyk (44312466),Kyle Juszczyk,44312466,RB/FLEX,4000,DEN@SF 10/04/2026 04:25PM ET,SF,3.6,
RB,Sincere McCormick (44312468),Sincere McCormick,44312468,RB/FLEX,4000,DEN@SF 10/04/2026 04:25PM ET,SF,0,
RB,Adam Prentice (44312470),Adam Prentice,44312470,RB/FLEX,4000,DEN@SF 10/04/2026 04:25PM ET,DEN,0.4,
RB,Cody Schrader (44312472),Cody Schrader,44312472,RB/FLEX,4000,DEN@SF 10/04/2026 04:25PM ET,DEN,0,
RB,Jordan Mason (44312474),Jordan Mason,44312474,RB/FLEX,4000,MIA@MIN 10/04/2026 04:05PM ET,MIN,11.9,IR
RB,Jaret Patterson (44312476),Jaret Patterson,44312476,RB/FLEX,4000,MIA@MIN 10/04/2026 04:05PM ET,MIN,0,
RB,Max Bredeson (44312478),Max Bredeson,44312478,RB/FLEX,4000,MIA@MIN 10/04/2026 04:05PM ET,MIN,0,
RB,Jerome Ford (44312480),Jerome Ford,44312480,RB/FLEX,4000,MIA@MIN 10/04/2026 04:05PM ET,MIN,0,
RB,Jarquez Hunter (44312482),Jarquez Hunter,44312482,RB/FLEX,4000,MIA@MIN 10/04/2026 04:05PM ET,MIA,0,
RB,DJ Herman (44312484),DJ Herman,44312484,RB/FLEX,4000,MIA@MIN 10/04/2026 04:05PM ET,MIA,0.9,
RB,Carlos Washington Jr. (44312486),Carlos Washington Jr.,44312486,RB/FLEX,4000,MIA@MIN 10/04/2026 04:05PM ET,MIA,0,
RB,Bam Knight (44312488),Bam Knight,44312488,RB/FLEX,4000,ARI@NYG 10/04/2026 01:00PM ET,ARI,0.8,
RB,James Conner (44312490),James Conner,44312490,RB/FLEX,4000,ARI@NYG 10/04/2026 01:00PM ET,ARI,0,IR
RB,Trey Benson (44312492),Trey Benson,44312492,RB/FLEX,4000,ARI@NYG 10/04/2026 01:00PM ET,ARI,0,IR
RB,Evan Hull (44312494),Evan Hull,44312494,RB/FLEX,4000,ARI@NYG 10/04/2026 01:00PM ET,ARI,0,
RB,Grant Finley (44312496),Grant Finley,44312496,RB/FLEX,4000,ARI@NYG 10/04/2026 01:00PM ET,NYG,0,
RB,Patrick Ricard (44312498),Patrick Ricard,44312498,RB/FLEX,4000,ARI@NYG 10/04/2026 01:00PM ET,NYG,0,
RB,Phil Mafah (44312500),Phil Mafah,44312500,RB/FLEX,4000,ARI@NYG 10/04/2026 01:00PM ET,NYG,0,
RB,Dameon Pierce (44312502),Dameon Pierce,44312502,RB/FLEX,4000,LAR@PHI 10/04/2026 01:00PM ET,PHI,0,
RB,Carson Steele (44312504),Carson Steele,44312504,RB/FLEX,4000,LAR@PHI 10/04/2026 01:00PM ET,PHI,0,
RB,Jaydon Blue (44312506),Jaydon Blue,44312506,RB/FLEX,4000,LAR@PHI 10/04/2026 01:00PM ET,PHI,0,
RB,Dean Connors (44312508),Dean Connors,44312508,RB/FLEX,4000,LAR@PHI 10/04/2026 01:00PM ET,LAR,0,
RB,Ronnie Rivers (44312510),Ronnie Rivers,44312510,RB/FLEX,4000,LAR@PHI 10/04/2026 01:00PM ET,LAR,1.7,IR
RB,Jordan Waters (44312512),Jordan Waters,44312512,RB/FLEX,4000,LAR@PHI 10/04/2026 01:00PM ET,LAR,0,
RB,Rasheen Ali (44312514),Rasheen Ali,44312514,RB/FLEX,4000,TEN@BAL 10/04/2026 01:00PM ET,BAL,0,
RB,Adam Randall (44312516),Adam Randall,44312516,RB/FLEX,4000,TEN@BAL 10/04/2026 01:00PM ET,BAL,0,IR
RB,Jonathan Ward (44312518),Jonathan Ward,44312518,RB/FLEX,4000,TEN@BAL 10/04/2026 01:00PM ET,BAL,0,
RB,Nick Singleton (44312520),Nick Singleton,44312520,RB/FLEX,4000,TEN@BAL 10/04/2026 01:00PM ET,TEN,0.5,
RB,Michael Carter (44312522),Michael Carter,44312522,RB/FLEX,4000,TEN@BAL 10/04/2026 01:00PM ET,TEN,0,
RB,Julius Chestnut (44312524),Julius Chestnut,44312524,RB/FLEX,4000,TEN@BAL 10/04/2026 01:00PM ET,TEN,0,
RB,Kalel Mullings (44312526),Kalel Mullings,44312526,RB/FLEX,4000,TEN@BAL 10/04/2026 01:00PM ET,TEN,0,
RB,Sean Tucker (44312528),Sean Tucker,44312528,RB/FLEX,4000,GB@TB 10/04/2026 01:00PM ET,TB,0,
RB,Josh Williams (44312530),Josh Williams,44312530,RB/FLEX,4000,GB@TB 10/04/2026 01:00PM ET,TB,0,
RB,Pierre Strong Jr. (44312532),Pierre Strong Jr.,44312532,RB/FLEX,4000,GB@TB 10/04/2026 01:00PM ET,GB,0,Q
RB,Damon Bankston (44312534),Damon Bankston,44312534,RB/FLEX,4000,GB@TB 10/04/2026 01:00PM ET,GB,0,
RB,LeQuint Allen Jr. (44312536),LeQuint Allen Jr.,44312536,RB/FLEX,4000,JAX@CIN 10/04/2026 01:00PM ET,JAX,1,
RB,Ameer Abdullah (44312538),Ameer Abdullah,44312538,RB/FLEX,4000,JAX@CIN 10/04/2026 01:00PM ET,JAX,2.2,
RB,J'Mari Taylor (44312540),J'Mari Taylor,44312540,RB/FLEX,4000,JAX@CIN 10/04/2026 01:00PM ET,JAX,0,
RB,Tahj Brooks (44312542),Tahj Brooks,44312542,RB/FLEX,4000,JAX@CIN 10/04/2026 01:00PM ET,CIN,0,
RB,Kendall Milton (44312544),Kendall Milton,44312544,RB/FLEX,4000,JAX@CIN 10/04/2026 01:00PM ET,CIN,0,
RB,Kentrel Bullock (44312546),Kentrel Bullock,44312546,RB/FLEX,4000,JAX@CIN 10/04/2026 01:00PM ET,CIN,0,
RB,Corey Kiner (44312548),Corey Kiner,44312548,RB/FLEX,4000,NE@BUF 10/04/2026 01:00PM ET,NE,1.6,
RB,Myles Montgomery (44312550),Myles Montgomery,44312550,RB/FLEX,4000,NE@BUF 10/04/2026 01:00PM ET,NE,0,IR
RB,Lan Larison (44312552),Lan Larison,44312552,RB/FLEX,4000,NE@BUF 10/04/2026 01:00PM ET,NE,2.9,
RB,Reggie Gilliam (44312554),Reggie Gilliam,44312554,RB/FLEX,4000,NE@BUF 10/04/2026 01:00PM ET,NE,0.5,
RB,Frank Gore Jr. (44312556),Frank Gore Jr.,44312556,RB/FLEX,4000,NE@BUF 10/04/2026 01:00PM ET,BUF,0.2,
RB,Brock Lampe (44312558),Brock Lampe,44312558,RB/FLEX,4000,NE@BUF 10/04/2026 01:00PM ET,BUF,0,
RB,Demond Claiborne (44312560),Demond Claiborne,44312560,RB/FLEX,4000,MIA@MIN 10/04/2026 04:05PM ET,MIN,0.7,
WR,Malachi Fields (44312662),Malachi Fields,44312662,WR/FLEX,4000,ARI@NYG 10/04/2026 01:00PM ET,NYG,4.5,
WR,Mack Hollins (44312664),Mack Hollins,44312664,WR/FLEX,4000,NE@BUF 10/04/2026 01:00PM ET,NE,9.2,
WR,Keon Coleman (44312666),Keon Coleman,44312666,WR/FLEX,4000,NE@BUF 10/04/2026 01:00PM ET,BUF,6,
TE,Kenyon Sadiq (44313042),Kenyon Sadiq,44313042,TE/FLEX,4000,NYJ@CHI 10/04/2026 01:00PM ET,NYJ,13.9,Q
DST,Vikings (44313308),Vikings,44313308,DST,4000,MIA@MIN 10/04/2026 04:05PM ET,MIN,14,
WR,Jalen McMillan (44312668),Jalen McMillan,44312668,WR/FLEX,3900,GB@TB 10/04/2026 01:00PM ET,TB,0,IR
WR,Caleb Douglas (44312670),Caleb Douglas,44312670,WR/FLEX,3900,MIA@MIN 10/04/2026 04:05PM ET,MIA,9.2,Q
WR,Rashid Shaheed (44312672),Rashid Shaheed,44312672,WR/FLEX,3900,LAC@SEA 10/04/2026 04:25PM ET,SEA,3.9,
WR,Darnell Mooney (44312674),Darnell Mooney,44312674,WR/FLEX,3800,ARI@NYG 10/04/2026 01:00PM ET,NYG,5.5,
WR,Jauan Jennings (44312676),Jauan Jennings,44312676,WR/FLEX,3800,MIA@MIN 10/04/2026 04:05PM ET,MIN,0.6,
WR,Ryan Flournoy (44312678),Ryan Flournoy,44312678,WR/FLEX,3800,DAL@HOU 10/04/2026 01:00PM ET,DAL,5.2,
DST,Ravens (44313309),Ravens,44313309,DST,3800,TEN@BAL 10/04/2026 01:00PM ET,BAL,4.3,
WR,Calvin Ridley (44312680),Calvin Ridley,44312680,WR/FLEX,3700,TEN@BAL 10/04/2026 01:00PM ET,TEN,1.8,
WR,Chris Bell (44312682),Chris Bell,44312682,WR/FLEX,3700,MIA@MIN 10/04/2026 04:05PM ET,MIA,4.7,
WR,Marvin Mims Jr. (44312684),Marvin Mims Jr.,44312684,WR/FLEX,3700,DEN@SF 10/04/2026 04:25PM ET,DEN,0,Q
WR,Kalif Raymond (44312686),Kalif Raymond,44312686,WR/FLEX,3600,NYJ@CHI 10/04/2026 01:00PM ET,CHI,15.5,
WR,Brandin Cooks (44312688),Brandin Cooks,44312688,WR/FLEX,3600,DEN@SF 10/04/2026 04:25PM ET,SF,0,
WR,Jalen Nailor (44312690),Jalen Nailor,44312690,WR/FLEX,3600,KC@LV 10/04/2026 04:25PM ET,LV,3.4,
TE,Oronde Gadsden II (44313044),Oronde Gadsden II,44313044,TE/FLEX,3600,LAC@SEA 10/04/2026 04:25PM ET,LAC,5,
WR,DeMario Douglas (44312692),DeMario Douglas,44312692,WR/FLEX,3500,NE@BUF 10/04/2026 01:00PM ET,NE,4.6,
WR,Isaiah Williams (44312694),Isaiah Williams,44312694,WR/FLEX,3500,NYJ@CHI 10/04/2026 01:00PM ET,NYJ,5.2,
WR,Kendrick Bourne (44312696),Kendrick Bourne,44312696,WR/FLEX,3500,ARI@NYG 10/04/2026 01:00PM ET,ARI,7.6,
TE,Hunter Henry (44313046),Hunter Henry,44313046,TE/FLEX,3500,NE@BUF 10/04/2026 01:00PM ET,NE,4.7,
DST,Seahawks (44313310),Seahawks,44313310,DST,3500,LAC@SEA 10/04/2026 04:25PM ET,SEA,7.7,
WR,Jaylin Noel (44312698),Jaylin Noel,44312698,WR/FLEX,3400,DAL@HOU 10/04/2026 01:00PM ET,HOU,5.7,
WR,Devontez Walker (44312700),Devontez Walker,44312700,WR/FLEX,3400,TEN@BAL 10/04/2026 01:00PM ET,BAL,2.9,
WR,Tyquan Thornton (44312702),Tyquan Thornton,44312702,WR/FLEX,3400,KC@LV 10/04/2026 04:25PM ET,KC,5.6,
WR,Troy Franklin (44312704),Troy Franklin,44312704,WR/FLEX,3400,DEN@SF 10/04/2026 04:25PM ET,DEN,2.4,
WR,Konata Mumpfield (44312706),Konata Mumpfield,44312706,WR/FLEX,3400,LAR@PHI 10/04/2026 01:00PM ET,LAR,7.2,
TE,Cade Otton (44313048),Cade Otton,44313048,TE/FLEX,3400,GB@TB 10/04/2026 01:00PM ET,TB,7.7,
TE,Michael Mayer (44313050),Michael Mayer,44313050,TE/FLEX,3400,KC@LV 10/04/2026 04:25PM ET,LV,8.9,
DST,Chiefs (44313311),Chiefs,44313311,DST,3400,KC@LV 10/04/2026 04:25PM ET,KC,7,
WR,Hollywood Brown (44312708),Hollywood Brown,44312708,WR/FLEX,3300,LAR@PHI 10/04/2026 01:00PM ET,PHI,1.2,Q
WR,Jack Bech (44312710),Jack Bech,44312710,WR/FLEX,3300,KC@LV 10/04/2026 04:25PM ET,LV,5.3,IR
WR,Joshua Palmer (44312712),Joshua Palmer,44312712,WR/FLEX,3300,NE@BUF 10/04/2026 01:00PM ET,BUF,7.2,
WR,Jahdae Walker (44312714),Jahdae Walker,44312714,WR/FLEX,3300,NYJ@CHI 10/04/2026 01:00PM ET,CHI,2.4,
WR,Jordan Watkins (44312716),Jordan Watkins,44312716,WR/FLEX,3300,DEN@SF 10/04/2026 04:25PM ET,SF,8,
TE,Mike Gesicki (44313052),Mike Gesicki,44313052,TE/FLEX,3300,JAX@CIN 10/04/2026 01:00PM ET,CIN,10.5,
TE,T.J. Hockenson (44313054),T.J. Hockenson,44313054,TE/FLEX,3300,MIA@MIN 10/04/2026 04:05PM ET,MIN,7.5,
DST,Bills (44313312),Bills,44313312,DST,3300,NE@BUF 10/04/2026 01:00PM ET,BUF,4.7,
WR,Jordan Whittington (44312718),Jordan Whittington,44312718,WR/FLEX,3200,LAR@PHI 10/04/2026 01:00PM ET,LAR,0.9,
WR,Chris Moore (44312720),Chris Moore,44312720,WR/FLEX,3200,TEN@BAL 10/04/2026 01:00PM ET,BAL,5.1,
WR,Kyle Williams (44312722),Kyle Williams,44312722,WR/FLEX,3200,NE@BUF 10/04/2026 01:00PM ET,NE,2.1,
WR,Skyy Moore (44312724),Skyy Moore,44312724,WR/FLEX,3200,GB@TB 10/04/2026 01:00PM ET,GB,2.9,
WR,Cyrus Allen (44312726),Cyrus Allen,44312726,WR/FLEX,3200,KC@LV 10/04/2026 04:25PM ET,KC,0,
TE,Brenton Strange (44313056),Brenton Strange,44313056,TE/FLEX,3200,JAX@CIN 10/04/2026 01:00PM ET,JAX,6.7,
TE,Greg Dulcich (44313058),Greg Dulcich,44313058,TE/FLEX,3200,MIA@MIN 10/04/2026 04:05PM ET,MIA,6,
DST,Packers (44313313),Packers,44313313,DST,3200,GB@TB 10/04/2026 01:00PM ET,GB,1.3,
WR,Darius Cooper (44312728),Darius Cooper,44312728,WR/FLEX,3100,LAR@PHI 10/04/2026 01:00PM ET,PHI,3.5,
WR,Cody White (44312730),Cody White,44312730,WR/FLEX,3100,KC@LV 10/04/2026 04:25PM ET,LV,7.9,
WR,Odell Beckham Jr. (44312732),Odell Beckham Jr.,44312732,WR/FLEX,3100,ARI@NYG 10/04/2026 01:00PM ET,NYG,0,
WR,Jacob Cowing (44312734),Jacob Cowing,44312734,WR/FLEX,3100,DEN@SF 10/04/2026 04:25PM ET,SF,0,
WR,Ted Hurst III (44312736),Ted Hurst III,44312736,WR/FLEX,3100,GB@TB 10/04/2026 01:00PM ET,TB,7.4,
TE,Zach Ertz (44313060),Zach Ertz,44313060,TE/FLEX,3100,LAR@PHI 10/04/2026 01:00PM ET,PHI,1.9,
TE,Tyler Higbee (44313062),Tyler Higbee,44313062,TE/FLEX,3100,LAR@PHI 10/04/2026 01:00PM ET,LAR,7.5,
DST,Giants (44313314),Giants,44313314,DST,3100,ARI@NYG 10/04/2026 01:00PM ET,NYG,5,
WR,Tutu Atwell (44312738),Tutu Atwell,44312738,WR/FLEX,3000,LAR@PHI 10/04/2026 01:00PM ET,LAR,2.9,
WR,Elic Ayomanor (44312740),Elic Ayomanor,44312740,WR/FLEX,3000,TEN@BAL 10/04/2026 01:00PM ET,TEN,6.4,
WR,Jared Wayne (44312742),Jared Wayne,44312742,WR/FLEX,3000,DAL@HOU 10/04/2026 01:00PM ET,HOU,3.5,
WR,Elijah Sarratt (44312744),Elijah Sarratt,44312744,WR/FLEX,3000,TEN@BAL 10/04/2026 01:00PM ET,BAL,0,
WR,Bo Melton (44312746),Bo Melton,44312746,WR/FLEX,3000,GB@TB 10/04/2026 01:00PM ET,GB,0.7,
WR,Travis Hunter (44312748),Travis Hunter,44312748,WR/FLEX,3000,JAX@CIN 10/04/2026 01:00PM ET,JAX,0.7,
WR,Ryan Miller (44312750),Ryan Miller,44312750,WR/FLEX,3000,MIA@MIN 10/04/2026 04:05PM ET,MIA,6.1,
WR,Demarcus Robinson (44312752),Demarcus Robinson,44312752,WR/FLEX,3000,DEN@SF 10/04/2026 04:25PM ET,SF,9.7,IR
WR,Tory Horton (44312754),Tory Horton,44312754,WR/FLEX,3000,LAC@SEA 10/04/2026 04:25PM ET,SEA,3.9,
WR,Montorie Foster Jr. (44312756),Montorie Foster Jr.,44312756,WR/FLEX,3000,LAC@SEA 10/04/2026 04:25PM ET,SEA,0,
WR,Irvin Charles (44312758),Irvin Charles,44312758,WR/FLEX,3000,LAC@SEA 10/04/2026 04:25PM ET,SEA,0,IR
WR,Jake Bobo (44312760),Jake Bobo,44312760,WR/FLEX,3000,LAC@SEA 10/04/2026 04:25PM ET,SEA,0,IR
WR,Ricky White III (44312762),Ricky White III,44312762,WR/FLEX,3000,LAC@SEA 10/04/2026 04:25PM ET,SEA,0,
WR,Julian Hicks (44312764),Julian Hicks,44312764,WR/FLEX,3000,LAC@SEA 10/04/2026 04:25PM ET,SEA,0,
WR,Emmanuel Henderson Jr. (44312766),Emmanuel Henderson Jr.,44312766,WR/FLEX,3000,LAC@SEA 10/04/2026 04:25PM ET,SEA,0,
WR,Brenen Thompson (44312768),Brenen Thompson,44312768,WR/FLEX,3000,LAC@SEA 10/04/2026 04:25PM ET,LAC,1.2,Q
WR,Marquez Valdes-Scantling (44312770),Marquez Valdes-Scantling,44312770,WR/FLEX,3000,LAC@SEA 10/04/2026 04:25PM ET,LAC,0,
WR,Derius Davis (44312772),Derius Davis,44312772,WR/FLEX,3000,LAC@SEA 10/04/2026 04:25PM ET,LAC,0,
WR,KeAndre Lambert-Smith (44312774),KeAndre Lambert-Smith,44312774,WR/FLEX,3000,LAC@SEA 10/04/2026 04:25PM ET,LAC,0,IR
WR,Theo Wease Jr. (44312776),Theo Wease Jr.,44312776,WR/FLEX,3000,LAC@SEA 10/04/2026 04:25PM ET,LAC,0,
WR,Gary Jennings (44312778),Gary Jennings,44312778,WR/FLEX,3000,LAC@SEA 10/04/2026 04:25PM ET,LAC,0,
WR,Malik Benson (44312780),Malik Benson,44312780,WR/FLEX,3000,KC@LV 10/04/2026 04:25PM ET,LV,0.3,
WR,Dareke Young (44312782),Dareke Young,44312782,WR/FLEX,3000,KC@LV 10/04/2026 04:25PM ET,LV,1.2,
WR,Dont'e Thornton Jr. (44312784),Dont'e Thornton Jr.,44312784,WR/FLEX,3000,KC@LV 10/04/2026 04:25PM ET,LV,0,IR
WR,Justin Shorter (44312786),Justin Shorter,44312786,WR/FLEX,3000,KC@LV 10/04/2026 04:25PM ET,LV,0,Q
WR,Corey Rucker (44312788),Corey Rucker,44312788,WR/FLEX,3000,KC@LV 10/04/2026 04:25PM ET,LV,0,IR
WR,Deven Thompkins (44312790),Deven Thompkins,44312790,WR/FLEX,3000,KC@LV 10/04/2026 04:25PM ET,LV,0,
WR,Ronnie Bell (44312792),Ronnie Bell,44312792,WR/FLEX,3000,KC@LV 10/04/2026 04:25PM ET,LV,0,
WR,Jalen Royals (44312794),Jalen Royals,44312794,WR/FLEX,3000,KC@LV 10/04/2026 04:25PM ET,KC,3.6,
WR,Nikko Remigio (44312796),Nikko Remigio,44312796,WR/FLEX,3000,KC@LV 10/04/2026 04:25PM ET,KC,0,
WR,Jeff Caldwell (44312798),Jeff Caldwell,44312798,WR/FLEX,3000,KC@LV 10/04/2026 04:25PM ET,KC,0,IR
WR,Jimmy Holiday (44312800),Jimmy Holiday,44312800,WR/FLEX,3000,KC@LV 10/04/2026 04:25PM ET,KC,0,IR
WR,Andrew Armstrong (44312802),Andrew Armstrong,44312802,WR/FLEX,3000,KC@LV 10/04/2026 04:25PM ET,KC,0,
WR,Omari Evans (44312804),Omari Evans,44312804,WR/FLEX,3000,KC@LV 10/04/2026 04:25PM ET,KC,0,
WR,KaVontae Turpin (44312806),KaVontae Turpin,44312806,WR/FLEX,3000,DAL@HOU 10/04/2026 01:00PM ET,DAL,3.6,
WR,Jonathan Mingo (44312808),Jonathan Mingo,44312808,WR/FLEX,3000,DAL@HOU 10/04/2026 01:00PM ET,DAL,0.7,
WR,Camden Brown (44312810),Camden Brown,44312810,WR/FLEX,3000,DAL@HOU 10/04/2026 01:00PM ET,DAL,0,
WR,Anthony Smith (44312812),Anthony Smith,44312812,WR/FLEX,3000,DAL@HOU 10/04/2026 01:00PM ET,DAL,0,
WR,Jordan Hudson (44312814),Jordan Hudson,44312814,WR/FLEX,3000,DAL@HOU 10/04/2026 01:00PM ET,DAL,0,
WR,Lewis Bond (44312816),Lewis Bond,44312816,WR/FLEX,3000,DAL@HOU 10/04/2026 01:00PM ET,HOU,0,
WR,Tank Dell (44312818),Tank Dell,44312818,WR/FLEX,3000,DAL@HOU 10/04/2026 01:00PM ET,HOU,0,IR
WR,Jayden Higgins (44312820),Jayden Higgins,44312820,WR/FLEX,3000,DAL@HOU 10/04/2026 01:00PM ET,HOU,0,IR
WR,Josh Kelly (44312822),Josh Kelly,44312822,WR/FLEX,3000,DAL@HOU 10/04/2026 01:00PM ET,HOU,0,
WR,Bryce Oliver (44312824),Bryce Oliver,44312824,WR/FLEX,3000,DAL@HOU 10/04/2026 01:00PM ET,HOU,0,
WR,Daniel Sobkowicz (44312826),Daniel Sobkowicz,44312826,WR/FLEX,3000,DAL@HOU 10/04/2026 01:00PM ET,HOU,0,
WR,Mitch Tinsley (44312828),Mitch Tinsley,44312828,WR/FLEX,3000,JAX@CIN 10/04/2026 01:00PM ET,CIN,0,
WR,Malik McClain (44312830),Malik McClain,44312830,WR/FLEX,3000,NYJ@CHI 10/04/2026 01:00PM ET,NYJ,0,
WR,Jamaal Pritchett (44312832),Jamaal Pritchett,44312832,WR/FLEX,3000,NYJ@CHI 10/04/2026 01:00PM ET,NYJ,0,
WR,Sterling Shepard (44312834),Sterling Shepard,44312834,WR/FLEX,3000,NYJ@CHI 10/04/2026 01:00PM ET,NYJ,3.3,
WR,Tim Patrick (44312836),Tim Patrick,44312836,WR/FLEX,3000,NYJ@CHI 10/04/2026 01:00PM ET,NYJ,0,IR
WR,Omar Cooper Jr. (44312838),Omar Cooper Jr.,44312838,WR/FLEX,3000,NYJ@CHI 10/04/2026 01:00PM ET,NYJ,4,IR
WR,Arian Smith (44312840),Arian Smith,44312840,WR/FLEX,3000,NYJ@CHI 10/04/2026 01:00PM ET,NYJ,0,IR
WR,Tyler Johnson (44312842),Tyler Johnson,44312842,WR/FLEX,3000,NYJ@CHI 10/04/2026 01:00PM ET,NYJ,0,
WR,Zavion Thomas (44312844),Zavion Thomas,44312844,WR/FLEX,3000,NYJ@CHI 10/04/2026 01:00PM ET,CHI,0.4,
WR,Kaden Davis (44312846),Kaden Davis,44312846,WR/FLEX,3000,NYJ@CHI 10/04/2026 01:00PM ET,CHI,0,
WR,JP Richardson (44312848),JP Richardson,44312848,WR/FLEX,3000,NYJ@CHI 10/04/2026 01:00PM ET,CHI,0,
WR,KhaDarel Hodge (44312850),KhaDarel Hodge,44312850,WR/FLEX,3000,DEN@SF 10/04/2026 04:25PM ET,SF,0.9,
WR,Christian Kirk (44312852),Christian Kirk,44312852,WR/FLEX,3000,DEN@SF 10/04/2026 04:25PM ET,SF,0,IR
WR,De'Zhaun Stribling (44312854),De'Zhaun Stribling,44312854,WR/FLEX,3000,DEN@SF 10/04/2026 04:25PM ET,SF,0,IR
WR,Ricky Pearsall (44312856),Ricky Pearsall,44312856,WR/FLEX,3000,DEN@SF 10/04/2026 04:25PM ET,SF,0,IR
WR,Wesley Grimes (44312858),Wesley Grimes,44312858,WR/FLEX,3000,DEN@SF 10/04/2026 04:25PM ET,SF,0,
WR,Brandon Aiyuk (44312860),Brandon Aiyuk,44312860,WR/FLEX,3000,DEN@SF 10/04/2026 04:25PM ET,SF,0,OUT
WR,Will Pauling (44312862),Will Pauling,44312862,WR/FLEX,3000,DEN@SF 10/04/2026 04:25PM ET,SF,0,
WR,Lil'Jordan Humphrey (44312864),Lil'Jordan Humphrey,44312864,WR/FLEX,3000,DEN@SF 10/04/2026 04:25PM ET,DEN,0,
WR,Kolbe Katsis (44312866),Kolbe Katsis,44312866,WR/FLEX,3000,DEN@SF 10/04/2026 04:25PM ET,DEN,0,
WR,Dane Key (44312868),Dane Key,44312868,WR/FLEX,3000,DEN@SF 10/04/2026 04:25PM ET,DEN,0,
WR,Michael Bandy (44312870),Michael Bandy,44312870,WR/FLEX,3000,DEN@SF 10/04/2026 04:25PM ET,DEN,0,
WR,Tai Felton (44312872),Tai Felton,44312872,WR/FLEX,3000,MIA@MIN 10/04/2026 04:05PM ET,MIN,0,
WR,Myles Price (44312874),Myles Price,44312874,WR/FLEX,3000,MIA@MIN 10/04/2026 04:05PM ET,MIN,2,
WR,Jeshaun Jones (44312876),Jeshaun Jones,44312876,WR/FLEX,3000,MIA@MIN 10/04/2026 04:05PM ET,MIN,0,
WR,Dillon Bell (44312878),Dillon Bell,44312878,WR/FLEX,3000,MIA@MIN 10/04/2026 04:05PM ET,MIN,0,
WR,Michael Briscoe (44312880),Michael Briscoe,44312880,WR/FLEX,3000,MIA@MIN 10/04/2026 04:05PM ET,MIN,0,
WR,Kevin Coleman Jr. (44312882),Kevin Coleman Jr.,44312882,WR/FLEX,3000,MIA@MIN 10/04/2026 04:05PM ET,MIA,0.4,
WR,Jalen Tolbert (44312884),Jalen Tolbert,44312884,WR/FLEX,3000,MIA@MIN 10/04/2026 04:05PM ET,MIA,0,
WR,Jalen Reagor (44312886),Jalen Reagor,44312886,WR/FLEX,3000,MIA@MIN 10/04/2026 04:05PM ET,MIA,0,
WR,Will Sheppard (44312888),Will Sheppard,44312888,WR/FLEX,3000,MIA@MIN 10/04/2026 04:05PM ET,MIA,0,
WR,AJ Henning (44312890),AJ Henning,44312890,WR/FLEX,3000,MIA@MIN 10/04/2026 04:05PM ET,MIA,0,
WR,Jalen Brooks (44312892),Jalen Brooks,44312892,WR/FLEX,3000,ARI@NYG 10/04/2026 01:00PM ET,ARI,0,
WR,Simi Fehoko (44312894),Simi Fehoko,44312894,WR/FLEX,3000,ARI@NYG 10/04/2026 01:00PM ET,ARI,0,
WR,Devin Duvernay (44312896),Devin Duvernay,44312896,WR/FLEX,3000,ARI@NYG 10/04/2026 01:00PM ET,ARI,0,
WR,Reggie Virgil (44312898),Reggie Virgil,44312898,WR/FLEX,3000,ARI@NYG 10/04/2026 01:00PM ET,ARI,0,
WR,Ihmir Smith-Marsette (44312900),Ihmir Smith-Marsette,44312900,WR/FLEX,3000,ARI@NYG 10/04/2026 01:00PM ET,ARI,0,
WR,Harrison Wallace III (44312902),Harrison Wallace III,44312902,WR/FLEX,3000,ARI@NYG 10/04/2026 01:00PM ET,ARI,0,
WR,Braxton Berrios (44312904),Braxton Berrios,44312904,WR/FLEX,3000,ARI@NYG 10/04/2026 01:00PM ET,NYG,0,
WR,Calvin Austin III (44312906),Calvin Austin III,44312906,WR/FLEX,3000,ARI@NYG 10/04/2026 01:00PM ET,NYG,0,IR
WR,Gunner Olszewski (44312908),Gunner Olszewski,44312908,WR/FLEX,3000,ARI@NYG 10/04/2026 01:00PM ET,NYG,0,IR
WR,Dalen Cambre (44312910),Dalen Cambre,44312910,WR/FLEX,3000,ARI@NYG 10/04/2026 01:00PM ET,NYG,0,
WR,Charlie Jones (44312912),Charlie Jones,44312912,WR/FLEX,3000,ARI@NYG 10/04/2026 01:00PM ET,NYG,0,
WR,Jalin Hyatt (44312914),Jalin Hyatt,44312914,WR/FLEX,3000,ARI@NYG 10/04/2026 01:00PM ET,NYG,0,
WR,Elijah Moore (44312916),Elijah Moore,44312916,WR/FLEX,3000,LAR@PHI 10/04/2026 01:00PM ET,PHI,0,
WR,Britain Covey (44312918),Britain Covey,44312918,WR/FLEX,3000,LAR@PHI 10/04/2026 01:00PM ET,PHI,0,
WR,Johnny Wilson (44312920),Johnny Wilson,44312920,WR/FLEX,3000,LAR@PHI 10/04/2026 01:00PM ET,PHI,0,IR
WR,Xavier Gipson (44312922),Xavier Gipson,44312922,WR/FLEX,3000,LAR@PHI 10/04/2026 01:00PM ET,PHI,0,
WR,Xavier Smith (44312924),Xavier Smith,44312924,WR/FLEX,3000,LAR@PHI 10/04/2026 01:00PM ET,LAR,0,
WR,CJ Daniels (44312926),CJ Daniels,44312926,WR/FLEX,3000,LAR@PHI 10/04/2026 01:00PM ET,LAR,0,
WR,Alex Bachman (44312928),Alex Bachman,44312928,WR/FLEX,3000,LAR@PHI 10/04/2026 01:00PM ET,LAR,0,
WR,Brennan Presley (44312930),Brennan Presley,44312930,WR/FLEX,3000,LAR@PHI 10/04/2026 01:00PM ET,LAR,0,
WR,LaJohntay Wester (44312932),LaJohntay Wester,44312932,WR/FLEX,3000,TEN@BAL 10/04/2026 01:00PM ET,BAL,2,
WR,Ja'Kobi Lane (44312934),Ja'Kobi Lane,44312934,WR/FLEX,3000,TEN@BAL 10/04/2026 01:00PM ET,BAL,2.1,IR
WR,Gage Larvadain (44312936),Gage Larvadain,44312936,WR/FLEX,3000,TEN@BAL 10/04/2026 01:00PM ET,BAL,0,
WR,Shedrick Jackson (44312938),Shedrick Jackson,44312938,WR/FLEX,3000,TEN@BAL 10/04/2026 01:00PM ET,BAL,0,
WR,Xavier Guillory (44312940),Xavier Guillory,44312940,WR/FLEX,3000,TEN@BAL 10/04/2026 01:00PM ET,BAL,0,
WR,Chimere Dike (44312942),Chimere Dike,44312942,WR/FLEX,3000,TEN@BAL 10/04/2026 01:00PM ET,TEN,0.3,
WR,K.J. Osborn (44312944),K.J. Osborn,44312944,WR/FLEX,3000,TEN@BAL 10/04/2026 01:00PM ET,TEN,0,
WR,Xavier Restrepo (44312946),Xavier Restrepo,44312946,WR/FLEX,3000,TEN@BAL 10/04/2026 01:00PM ET,TEN,0,
WR,Tyren Montgomery (44312948),Tyren Montgomery,44312948,WR/FLEX,3000,TEN@BAL 10/04/2026 01:00PM ET,TEN,0,
WR,Tez Johnson (44312950),Tez Johnson,44312950,WR/FLEX,3000,GB@TB 10/04/2026 01:00PM ET,TB,2.4,
WR,Kameron Johnson (44312952),Kameron Johnson,44312952,WR/FLEX,3000,GB@TB 10/04/2026 01:00PM ET,TB,0,
WR,David Sills V (44312954),David Sills V,44312954,WR/FLEX,3000,GB@TB 10/04/2026 01:00PM ET,TB,0,IR
WR,Garrett Greene (44312956),Garrett Greene,44312956,WR/FLEX,3000,GB@TB 10/04/2026 01:00PM ET,TB,0,
WR,Eric Rivers Jr. (44312958),Eric Rivers Jr.,44312958,WR/FLEX,3000,GB@TB 10/04/2026 01:00PM ET,TB,0,
WR,Dean Patterson IV (44312960),Dean Patterson IV,44312960,WR/FLEX,3000,GB@TB 10/04/2026 01:00PM ET,TB,0,
WR,J. Michael Sturdivant (44312962),J. Michael Sturdivant,44312962,WR/FLEX,3000,GB@TB 10/04/2026 01:00PM ET,GB,2.6,
WR,Savion Williams (44312964),Savion Williams,44312964,WR/FLEX,3000,GB@TB 10/04/2026 01:00PM ET,GB,0,IR
WR,Quincy Skinner Jr. (44312966),Quincy Skinner Jr.,44312966,WR/FLEX,3000,GB@TB 10/04/2026 01:00PM ET,GB,0,
WR,Isaiah Neyor (44312968),Isaiah Neyor,44312968,WR/FLEX,3000,GB@TB 10/04/2026 01:00PM ET,GB,0,
WR,Josh Cameron (44312970),Josh Cameron,44312970,WR/FLEX,3000,JAX@CIN 10/04/2026 01:00PM ET,JAX,6.1,
WR,CJ Williams (44312972),CJ Williams,44312972,WR/FLEX,3000,JAX@CIN 10/04/2026 01:00PM ET,JAX,0,
WR,Michael Wortham (44312974),Michael Wortham,44312974,WR/FLEX,3000,JAX@CIN 10/04/2026 01:00PM ET,JAX,0,
WR,Trebor Pena (44312976),Trebor Pena,44312976,WR/FLEX,3000,JAX@CIN 10/04/2026 01:00PM ET,JAX,0,
WR,Tim Jones (44312978),Tim Jones,44312978,WR/FLEX,3000,JAX@CIN 10/04/2026 01:00PM ET,JAX,0,
WR,Austin Trammell (44312980),Austin Trammell,44312980,WR/FLEX,3000,JAX@CIN 10/04/2026 01:00PM ET,JAX,0,
WR,Colbie Young (44312982),Colbie Young,44312982,WR/FLEX,3000,JAX@CIN 10/04/2026 01:00PM ET,CIN,1,OUT
WR,Dohnte Meyers (44312984),Dohnte Meyers,44312984,WR/FLEX,3000,JAX@CIN 10/04/2026 01:00PM ET,CIN,3.2,
WR,Ke'Shawn Williams (44312986),Ke'Shawn Williams,44312986,WR/FLEX,3000,JAX@CIN 10/04/2026 01:00PM ET,CIN,-1,
WR,Andrei Iosivas (44312988),Andrei Iosivas,44312988,WR/FLEX,3000,JAX@CIN 10/04/2026 01:00PM ET,CIN,2.5,IR
WR,Jordan Moore (44312990),Jordan Moore,44312990,WR/FLEX,3000,JAX@CIN 10/04/2026 01:00PM ET,CIN,0,
WR,Noah Thomas (44312992),Noah Thomas,44312992,WR/FLEX,3000,JAX@CIN 10/04/2026 01:00PM ET,CIN,0,
WR,Efton Chism III (44312994),Efton Chism III,44312994,WR/FLEX,3000,NE@BUF 10/04/2026 01:00PM ET,NE,1.3,
WR,A.J. Brown (44312996),A.J. Brown,44312996,WR/FLEX,3000,NE@BUF 10/04/2026 01:00PM ET,NE,5.6,IR
WR,Jeremiah Webb (44312998),Jeremiah Webb,44312998,WR/FLEX,3000,NE@BUF 10/04/2026 01:00PM ET,NE,0,IR
WR,Kyle Dixon (44313000),Kyle Dixon,44313000,WR/FLEX,3000,NE@BUF 10/04/2026 01:00PM ET,NE,0,
WR,Cameron Dorner (44313002),Cameron Dorner,44313002,WR/FLEX,3000,NE@BUF 10/04/2026 01:00PM ET,NE,0,
WR,Chandler Brayboy (44313004),Chandler Brayboy,44313004,WR/FLEX,3000,NE@BUF 10/04/2026 01:00PM ET,NE,0,
WR,Skyler Bell (44313006),Skyler Bell,44313006,WR/FLEX,3000,NE@BUF 10/04/2026 01:00PM ET,BUF,0,
WR,Greg Dortch (44313008),Greg Dortch,44313008,WR/FLEX,3000,NE@BUF 10/04/2026 01:00PM ET,BUF,0,
WR,Tyrell Shavers (44313010),Tyrell Shavers,44313010,WR/FLEX,3000,NE@BUF 10/04/2026 01:00PM ET,BUF,0,OUT
WR,Stephen Gosnell (44313012),Stephen Gosnell,44313012,WR/FLEX,3000,NE@BUF 10/04/2026 01:00PM ET,BUF,0,
WR,Trent Sherfield Sr. (44313014),Trent Sherfield Sr.,44313014,WR/FLEX,3000,NE@BUF 10/04/2026 01:00PM ET,BUF,0,
WR,Ja'Mori Maclin (44313016),Ja'Mori Maclin,44313016,WR/FLEX,3000,NE@BUF 10/04/2026 01:00PM ET,BUF,0,
TE,Terrance Ferguson (44313064),Terrance Ferguson,44313064,TE/FLEX,3000,LAR@PHI 10/04/2026 01:00PM ET,LAR,6.4,D
TE,AJ Barner (44313066),AJ Barner,44313066,TE/FLEX,3000,LAC@SEA 10/04/2026 04:25PM ET,SEA,7.7,
DST,Bears (44313315),Bears,44313315,DST,3000,NYJ@CHI 10/04/2026 01:00PM ET,CHI,8.3,
WR,Tyler Scott (44353496),Tyler Scott,44353496,WR/FLEX,3000,KC@LV 10/04/2026 04:25PM ET,LV,0,
WR,Phillip Dorsett II (44353498),Phillip Dorsett II,44353498,WR/FLEX,3000,KC@LV 10/04/2026 04:25PM ET,LV,0,
TE,Colby Parkinson (44313068),Colby Parkinson,44313068,TE/FLEX,2900,LAR@PHI 10/04/2026 01:00PM ET,LAR,1.7,Q
TE,Evan Engram (44313070),Evan Engram,44313070,TE/FLEX,2900,DEN@SF 10/04/2026 04:25PM ET,DEN,5.7,
TE,Jonnu Smith (44313072),Jonnu Smith,44313072,TE/FLEX,2900,GB@TB 10/04/2026 01:00PM ET,GB,3.5,
DST,49ers (44313316),49ers,44313316,DST,2900,DEN@SF 10/04/2026 04:25PM ET,SF,5.7,
DST,Texans (44313317),Texans,44313317,DST,2900,DAL@HOU 10/04/2026 01:00PM ET,HOU,5,
TE,Cole Kmet (44313074),Cole Kmet,44313074,TE/FLEX,2800,NYJ@CHI 10/04/2026 01:00PM ET,CHI,3.8,
TE,Dawson Knox (44313076),Dawson Knox,44313076,TE/FLEX,2800,NE@BUF 10/04/2026 01:00PM ET,BUF,3.9,
TE,Gunnar Helm (44313078),Gunnar Helm,44313078,TE/FLEX,2800,TEN@BAL 10/04/2026 01:00PM ET,TEN,4.5,
DST,Buccaneers (44313318),Buccaneers,44313318,DST,2800,GB@TB 10/04/2026 01:00PM ET,TB,5.3,
DST,Bengals (44313319),Bengals,44313319,DST,2800,JAX@CIN 10/04/2026 01:00PM ET,CIN,10.7,
TE,Eli Raridon (44313080),Eli Raridon,44313080,TE/FLEX,2700,NE@BUF 10/04/2026 01:00PM ET,NE,5.6,Q
TE,Noah Gray (44313082),Noah Gray,44313082,TE/FLEX,2700,KC@LV 10/04/2026 04:25PM ET,KC,2.8,
TE,Foster Moreau (44313084),Foster Moreau,44313084,TE/FLEX,2700,DAL@HOU 10/04/2026 01:00PM ET,HOU,5.9,
DST,Cowboys (44313320),Cowboys,44313320,DST,2700,DAL@HOU 10/04/2026 01:00PM ET,DAL,1.7,
DST,Eagles (44313321),Eagles,44313321,DST,2700,LAR@PHI 10/04/2026 01:00PM ET,PHI,2,
TE,Johnny Mundt (44313086),Johnny Mundt,44313086,TE/FLEX,2600,LAR@PHI 10/04/2026 01:00PM ET,PHI,1.4,
TE,Drew Sample (44313088),Drew Sample,44313088,TE/FLEX,2600,JAX@CIN 10/04/2026 01:00PM ET,CIN,2,
TE,Charlie Kolar (44313090),Charlie Kolar,44313090,TE/FLEX,2600,LAC@SEA 10/04/2026 04:25PM ET,LAC,2.6,D
DST,Jaguars (44313322),Jaguars,44313322,DST,2600,JAX@CIN 10/04/2026 01:00PM ET,JAX,10.7,
DST,Rams (44313323),Rams,44313323,DST,2600,LAR@PHI 10/04/2026 01:00PM ET,LAR,5.3,
TE,Davis Allen (44313092),Davis Allen,44313092,TE/FLEX,2500,LAR@PHI 10/04/2026 01:00PM ET,LAR,2.6,
TE,Theo Johnson (44313094),Theo Johnson,44313094,TE/FLEX,2500,ARI@NYG 10/04/2026 01:00PM ET,NYG,0.6,
TE,David Njoku (44313096),David Njoku,44313096,TE/FLEX,2500,LAC@SEA 10/04/2026 04:25PM ET,LAC,6.4,IR
TE,Eric Saubert (44313098),Eric Saubert,44313098,TE/FLEX,2500,LAC@SEA 10/04/2026 04:25PM ET,SEA,2.8,
TE,Elijah Arroyo (44313100),Elijah Arroyo,44313100,TE/FLEX,2500,LAC@SEA 10/04/2026 04:25PM ET,SEA,0.9,
TE,Nick Kallerup (44313102),Nick Kallerup,44313102,TE/FLEX,2500,LAC@SEA 10/04/2026 04:25PM ET,SEA,0,
TE,Hayden Rucci (44313104),Hayden Rucci,44313104,TE/FLEX,2500,LAC@SEA 10/04/2026 04:25PM ET,LAC,0,
TE,Patrick Herbert (44313106),Patrick Herbert,44313106,TE/FLEX,2500,LAC@SEA 10/04/2026 04:25PM ET,LAC,0,
TE,Evan Svoboda (44313108),Evan Svoboda,44313108,TE/FLEX,2500,LAC@SEA 10/04/2026 04:25PM ET,LAC,0,
TE,Ian Thomas (44313110),Ian Thomas,44313110,TE/FLEX,2500,KC@LV 10/04/2026 04:25PM ET,LV,0.7,
TE,Carter Runyon (44313112),Carter Runyon,44313112,TE/FLEX,2500,KC@LV 10/04/2026 04:25PM ET,LV,0,IR
TE,Chris Myarick (44313114),Chris Myarick,44313114,TE/FLEX,2500,KC@LV 10/04/2026 04:25PM ET,LV,0,
TE,Patrick Gurd (44313116),Patrick Gurd,44313116,TE/FLEX,2500,KC@LV 10/04/2026 04:25PM ET,LV,0,
TE,Jake Briningstool (44313118),Jake Briningstool,44313118,TE/FLEX,2500,KC@LV 10/04/2026 04:25PM ET,KC,0.6,
TE,Jared Wiley (44313120),Jared Wiley,44313120,TE/FLEX,2500,KC@LV 10/04/2026 04:25PM ET,KC,0,
TE,John Michael Gyllenborg (44313122),John Michael Gyllenborg,44313122,TE/FLEX,2500,KC@LV 10/04/2026 04:25PM ET,KC,0,IR
TE,James Winchester (44313124),James Winchester,44313124,TE/FLEX,2500,KC@LV 10/04/2026 04:25PM ET,KC,0,
TE,Thomas Odukoya (44313126),Thomas Odukoya,44313126,TE/FLEX,2500,KC@LV 10/04/2026 04:25PM ET,KC,0,
TE,Brevyn Spann-Ford (44313128),Brevyn Spann-Ford,44313128,TE/FLEX,2500,DAL@HOU 10/04/2026 01:00PM ET,DAL,2.1,
TE,Luke Schoonmaker (44313130),Luke Schoonmaker,44313130,TE/FLEX,2500,DAL@HOU 10/04/2026 01:00PM ET,DAL,1.4,
TE,Princeton Fant (44313132),Princeton Fant,44313132,TE/FLEX,2500,DAL@HOU 10/04/2026 01:00PM ET,DAL,0,IR
TE,DJ Rogers (44313134),DJ Rogers,44313134,TE/FLEX,2500,DAL@HOU 10/04/2026 01:00PM ET,DAL,0,IR
TE,James Mitchell (44313136),James Mitchell,44313136,TE/FLEX,2500,DAL@HOU 10/04/2026 01:00PM ET,DAL,0,
TE,Michael Trigg (44313138),Michael Trigg,44313138,TE/FLEX,2500,DAL@HOU 10/04/2026 01:00PM ET,DAL,0,
TE,Marlin Klein (44313140),Marlin Klein,44313140,TE/FLEX,2500,DAL@HOU 10/04/2026 01:00PM ET,HOU,0.9,
TE,Cade Stover (44313142),Cade Stover,44313142,TE/FLEX,2500,DAL@HOU 10/04/2026 01:00PM ET,HOU,0.3,
TE,Brevin Jordan (44313144),Brevin Jordan,44313144,TE/FLEX,2500,DAL@HOU 10/04/2026 01:00PM ET,HOU,0,
TE,Zaire Mitchell-Paden (44313146),Zaire Mitchell-Paden,44313146,TE/FLEX,2500,DAL@HOU 10/04/2026 01:00PM ET,HOU,0,
TE,Mason Taylor (44313148),Mason Taylor,44313148,TE/FLEX,2500,NYJ@CHI 10/04/2026 01:00PM ET,NYJ,0.9,D
TE,Jeremy Ruckert (44313150),Jeremy Ruckert,44313150,TE/FLEX,2500,NYJ@CHI 10/04/2026 01:00PM ET,NYJ,6.3,
TE,Jelani Woods (44313152),Jelani Woods,44313152,TE/FLEX,2500,NYJ@CHI 10/04/2026 01:00PM ET,NYJ,1,
TE,Cody Hardy (44313154),Cody Hardy,44313154,TE/FLEX,2500,NYJ@CHI 10/04/2026 01:00PM ET,NYJ,0,
TE,Sam Roush (44313156),Sam Roush,44313156,TE/FLEX,2500,NYJ@CHI 10/04/2026 01:00PM ET,CHI,1.5,
TE,Nikola Kalinic (44313158),Nikola Kalinic,44313158,TE/FLEX,2500,NYJ@CHI 10/04/2026 01:00PM ET,CHI,0,IR
TE,Hayden Large (44313160),Hayden Large,44313160,TE/FLEX,2500,NYJ@CHI 10/04/2026 01:00PM ET,CHI,0,IR
TE,Qadir Ismail (44313162),Qadir Ismail,44313162,TE/FLEX,2500,NYJ@CHI 10/04/2026 01:00PM ET,CHI,0,
TE,Stephen Carlson (44313164),Stephen Carlson,44313164,TE/FLEX,2500,NYJ@CHI 10/04/2026 01:00PM ET,CHI,0,
TE,Luke Farrell (44313166),Luke Farrell,44313166,TE/FLEX,2500,DEN@SF 10/04/2026 04:25PM ET,SF,1.3,
TE,Brayden Willis (44313168),Brayden Willis,44313168,TE/FLEX,2500,DEN@SF 10/04/2026 04:25PM ET,SF,0,
TE,Jake Tonges (44313170),Jake Tonges,44313170,TE/FLEX,2500,DEN@SF 10/04/2026 04:25PM ET,SF,0,IR
TE,Jack Stoll (44313172),Jack Stoll,44313172,TE/FLEX,2500,DEN@SF 10/04/2026 04:25PM ET,SF,0,
TE,Khalil Dinkins (44313174),Khalil Dinkins,44313174,TE/FLEX,2500,DEN@SF 10/04/2026 04:25PM ET,SF,0,
TE,Adam Trautman (44313176),Adam Trautman,44313176,TE/FLEX,2500,DEN@SF 10/04/2026 04:25PM ET,DEN,1,
TE,Nate Adkins (44313178),Nate Adkins,44313178,TE/FLEX,2500,DEN@SF 10/04/2026 04:25PM ET,DEN,6.9,
TE,Dallen Bentley (44313180),Dallen Bentley,44313180,TE/FLEX,2500,DEN@SF 10/04/2026 04:25PM ET,DEN,0,
TE,Caleb Lohner (44313182),Caleb Lohner,44313182,TE/FLEX,2500,DEN@SF 10/04/2026 04:25PM ET,DEN,0,IR
TE,Lucas Krull (44313184),Lucas Krull,44313184,TE/FLEX,2500,DEN@SF 10/04/2026 04:25PM ET,DEN,0,
TE,Mitchell Fraboni (44313186),Mitchell Fraboni,44313186,TE/FLEX,2500,DEN@SF 10/04/2026 04:25PM ET,DEN,0,
TE,Josh Oliver (44313188),Josh Oliver,44313188,TE/FLEX,2500,MIA@MIN 10/04/2026 04:05PM ET,MIN,2.5,IR
TE,Gavin Bartholomew (44313190),Gavin Bartholomew,44313190,TE/FLEX,2500,MIA@MIN 10/04/2026 04:05PM ET,MIN,0,
TE,Ben Yurosek (44313192),Ben Yurosek,44313192,TE/FLEX,2500,MIA@MIN 10/04/2026 04:05PM ET,MIN,0,IR
TE,Andrew DePaola (44313194),Andrew DePaola,44313194,TE/FLEX,2500,MIA@MIN 10/04/2026 04:05PM ET,MIN,0,
TE,Cam Grandy (44313196),Cam Grandy,44313196,TE/FLEX,2500,MIA@MIN 10/04/2026 04:05PM ET,MIN,0,
TE,Will Kacmarek (44313198),Will Kacmarek,44313198,TE/FLEX,2500,MIA@MIN 10/04/2026 04:05PM ET,MIA,0.5,
TE,Seydou Traore (44313200),Seydou Traore,44313200,TE/FLEX,2500,MIA@MIN 10/04/2026 04:05PM ET,MIA,0,
TE,Justin Joly (44313202),Justin Joly,44313202,TE/FLEX,2500,MIA@MIN 10/04/2026 04:05PM ET,MIA,0,
TE,Cole Turner (44313204),Cole Turner,44313204,TE/FLEX,2500,MIA@MIN 10/04/2026 04:05PM ET,MIA,0,IR
TE,Tre Watson (44313206),Tre Watson,44313206,TE/FLEX,2500,MIA@MIN 10/04/2026 04:05PM ET,MIA,0,
TE,Elijah Higgins (44313208),Elijah Higgins,44313208,TE/FLEX,2500,ARI@NYG 10/04/2026 01:00PM ET,ARI,1.7,
TE,Hunter Long (44313210),Hunter Long,44313210,TE/FLEX,2500,ARI@NYG 10/04/2026 01:00PM ET,ARI,0.5,
TE,Tip Reiman (44313212),Tip Reiman,44313212,TE/FLEX,2500,ARI@NYG 10/04/2026 01:00PM ET,ARI,0,OUT
TE,Jameson Geers (44313214),Jameson Geers,44313214,TE/FLEX,2500,ARI@NYG 10/04/2026 01:00PM ET,ARI,0,IR
TE,Teagan Quitoriano (44313216),Teagan Quitoriano,44313216,TE/FLEX,2500,ARI@NYG 10/04/2026 01:00PM ET,ARI,0,
TE,Shawn Bowman (44313218),Shawn Bowman,44313218,TE/FLEX,2500,ARI@NYG 10/04/2026 01:00PM ET,ARI,0,
TE,Chris Manhertz (44313220),Chris Manhertz,44313220,TE/FLEX,2500,ARI@NYG 10/04/2026 01:00PM ET,NYG,0,
TE,Thomas Fidone II (44313222),Thomas Fidone II,44313222,TE/FLEX,2500,ARI@NYG 10/04/2026 01:00PM ET,NYG,0,
TE,Ben Mann (44313224),Ben Mann,44313224,TE/FLEX,2500,ARI@NYG 10/04/2026 01:00PM ET,NYG,0,
TE,E.J. Jenkins (44313226),E.J. Jenkins,44313226,TE/FLEX,2500,LAR@PHI 10/04/2026 01:00PM ET,PHI,0,
TE,Grant Calcaterra (44313228),Grant Calcaterra,44313228,TE/FLEX,2500,LAR@PHI 10/04/2026 01:00PM ET,PHI,0,IR
TE,Eli Stowers (44313230),Eli Stowers,44313230,TE/FLEX,2500,LAR@PHI 10/04/2026 01:00PM ET,PHI,0,IR
TE,Josiah Deguara (44313232),Josiah Deguara,44313232,TE/FLEX,2500,LAR@PHI 10/04/2026 01:00PM ET,PHI,0,
TE,Rocco Underwood (44313234),Rocco Underwood,44313234,TE/FLEX,2500,LAR@PHI 10/04/2026 01:00PM ET,PHI,0,
TE,Max Klare (44313236),Max Klare,44313236,TE/FLEX,2500,LAR@PHI 10/04/2026 01:00PM ET,LAR,0,
TE,Dan Villari (44313238),Dan Villari,44313238,TE/FLEX,2500,LAR@PHI 10/04/2026 01:00PM ET,LAR,0,
TE,Durham Smythe (44313240),Durham Smythe,44313240,TE/FLEX,2500,TEN@BAL 10/04/2026 01:00PM ET,BAL,0.5,
TE,Matt Hibner (44313242),Matt Hibner,44313242,TE/FLEX,2500,TEN@BAL 10/04/2026 01:00PM ET,BAL,4.2,
TE,Josh Cuevas (44313244),Josh Cuevas,44313244,TE/FLEX,2500,TEN@BAL 10/04/2026 01:00PM ET,BAL,0.8,
TE,Nick Vannett (44313246),Nick Vannett,44313246,TE/FLEX,2500,TEN@BAL 10/04/2026 01:00PM ET,BAL,0,
TE,Ty Pezza (44313248),Ty Pezza,44313248,TE/FLEX,2500,TEN@BAL 10/04/2026 01:00PM ET,BAL,0,
TE,Daniel Bellinger (44313250),Daniel Bellinger,44313250,TE/FLEX,2500,TEN@BAL 10/04/2026 01:00PM ET,TEN,1.8,
TE,David Martin-Robinson (44313252),David Martin-Robinson,44313252,TE/FLEX,2500,TEN@BAL 10/04/2026 01:00PM ET,TEN,0,
TE,Kylen Granson (44313254),Kylen Granson,44313254,TE/FLEX,2500,TEN@BAL 10/04/2026 01:00PM ET,TEN,0,
TE,Jaren Kanak (44313256),Jaren Kanak,44313256,TE/FLEX,2500,TEN@BAL 10/04/2026 01:00PM ET,TEN,0,IR
TE,Joel Wilson (44313258),Joel Wilson,44313258,TE/FLEX,2500,TEN@BAL 10/04/2026 01:00PM ET,TEN,0,
TE,Payne Durham (44313260),Payne Durham,44313260,TE/FLEX,2500,GB@TB 10/04/2026 01:00PM ET,TB,0,
TE,Ko Kieft (44313262),Ko Kieft,44313262,TE/FLEX,2500,GB@TB 10/04/2026 01:00PM ET,TB,0,
TE,Bauer Sharp (44313264),Bauer Sharp,44313264,TE/FLEX,2500,GB@TB 10/04/2026 01:00PM ET,TB,0,
TE,CJ Dippre (44313266),CJ Dippre,44313266,TE/FLEX,2500,GB@TB 10/04/2026 01:00PM ET,TB,0,
TE,Evan Deckers (44313268),Evan Deckers,44313268,TE/FLEX,2500,GB@TB 10/04/2026 01:00PM ET,TB,0,
TE,Mark Redman (44313270),Mark Redman,44313270,TE/FLEX,2500,GB@TB 10/04/2026 01:00PM ET,GB,0,
TE,Josh Whyle (44313272),Josh Whyle,44313272,TE/FLEX,2500,GB@TB 10/04/2026 01:00PM ET,GB,0,
TE,Luke Musgrave (44313274),Luke Musgrave,44313274,TE/FLEX,2500,GB@TB 10/04/2026 01:00PM ET,GB,0,OUT
TE,Thomas Yassmin (44313276),Thomas Yassmin,44313276,TE/FLEX,2500,GB@TB 10/04/2026 01:00PM ET,GB,0,IR
TE,Drake Dabney (44313278),Drake Dabney,44313278,TE/FLEX,2500,GB@TB 10/04/2026 01:00PM ET,GB,0,
TE,Nate Boerkircher (44313280),Nate Boerkircher,44313280,TE/FLEX,2500,JAX@CIN 10/04/2026 01:00PM ET,JAX,0.6,
TE,Quintin Morris (44313282),Quintin Morris,44313282,TE/FLEX,2500,JAX@CIN 10/04/2026 01:00PM ET,JAX,0.6,
TE,Tanner Koziol (44313284),Tanner Koziol,44313284,TE/FLEX,2500,JAX@CIN 10/04/2026 01:00PM ET,JAX,0,
TE,Brenden Bates (44313286),Brenden Bates,44313286,TE/FLEX,2500,JAX@CIN 10/04/2026 01:00PM ET,JAX,0,
TE,Erick All Jr. (44313288),Erick All Jr.,44313288,TE/FLEX,2500,JAX@CIN 10/04/2026 01:00PM ET,CIN,0.8,
TE,Tanner Hudson (44313290),Tanner Hudson,44313290,TE/FLEX,2500,JAX@CIN 10/04/2026 01:00PM ET,CIN,2.4,
TE,Jack Endries (44313292),Jack Endries,44313292,TE/FLEX,2500,JAX@CIN 10/04/2026 01:00PM ET,CIN,0,
TE,William Wagner (44313294),William Wagner,44313294,TE/FLEX,2500,JAX@CIN 10/04/2026 01:00PM ET,CIN,0,
TE,Cameron Latu (44313296),Cameron Latu,44313296,TE/FLEX,2500,NE@BUF 10/04/2026 01:00PM ET,NE,0,
TE,Tanner Arkin (44313298),Tanner Arkin,44313298,TE/FLEX,2500,NE@BUF 10/04/2026 01:00PM ET,NE,0,
TE,Julian Hill (44313300),Julian Hill,44313300,TE/FLEX,2500,NE@BUF 10/04/2026 01:00PM ET,NE,0,IR
TE,Tanner Conner (44313302),Tanner Conner,44313302,TE/FLEX,2500,NE@BUF 10/04/2026 01:00PM ET,NE,0,
TE,Jackson Hawes (44313304),Jackson Hawes,44313304,TE/FLEX,2500,NE@BUF 10/04/2026 01:00PM ET,BUF,0,
TE,Keleki Latu (44313306),Keleki Latu,44313306,TE/FLEX,2500,NE@BUF 10/04/2026 01:00PM ET,BUF,0,
DST,Broncos (44313324),Broncos,44313324,DST,2500,DEN@SF 10/04/2026 04:25PM ET,DEN,8.3,
DST,Cardinals (44313325),Cardinals,44313325,DST,2500,ARI@NYG 10/04/2026 01:00PM ET,ARI,3.3,
DST,Jets (44313326),Jets,44313326,DST,2400,NYJ@CHI 10/04/2026 01:00PM ET,NYJ,5.3,
DST,Raiders (44313327),Raiders,44313327,DST,2400,KC@LV 10/04/2026 04:25PM ET,LV,12.3,
DST,Patriots (44313328),Patriots,44313328,DST,2300,NE@BUF 10/04/2026 01:00PM ET,NE,8.7,
DST,Chargers (44313329),Chargers,44313329,DST,2200,LAC@SEA 10/04/2026 04:25PM ET,LAC,6.3,
DST,Titans (44313330),Titans,44313330,DST,2100,TEN@BAL 10/04/2026 01:00PM ET,TEN,4.7,
DST,Dolphins (44313331),Dolphins,44313331,DST,2000,MIA@MIN 10/04/2026 04:05PM ET,MIA,0.7,
