Player,Position,Team,Opponent,Projection,Ceiling,Ceiling_Mult,Usage_Stability,Ceiling_Ratio,Leverage,StdDev,Salary,Ownership
Zay Flowers,WR,BAL,IND,31.89,50.46,1.578,0.622,1.582,20.505,7.48,6400.0,0.0488
Chris Olave,WR,NO,DET,29.63,47.12,1.592,0.734,1.59,26.502,7.85,6700.0,0.0352
Puka Nacua,WR,LAR,SF,26.93,42.96,1.583,0.664,1.595,54.456,10.29,7700.0,0.0156
Ja'Marr Chase,WR,CIN,TB,26.72,42.08,1.569,0.555,1.575,86.856,10.26,7800.0,0.0096
Wan'Dale Robinson,WR,NYG,DAL,24.48,39.75,1.576,0.605,1.624,13.73,8.19,4800.0,0.0574
Theo Wease Jr.,WR,MIA,LV,24.44,31.68,1.28,0.636,1.296,9.301,4.19,3000.0,0.0675
Bijan Robinson,RB,ATL,PIT,23.95,36.13,1.508,0.542,1.509,23.596,10.36,7700.0,0.0303
Michael Wilson,WR,ARI,LAC,23.51,32.84,1.426,0.611,1.397,21.73,10.6,5300.0,0.03
Christian McCaffrey,RB,SF,LA,23.17,31.35,1.373,0.632,1.353,24.087,8.33,7500.0,0.0258
Jaxson Dart,QB,NYG,DAL,22.79,34.03,1.45,0.0,1.493,37.466,10.29,5600.0,0.018
Cade Otton,TE,TB,CIN,22.72,33.36,1.429,0.632,1.468,29.383,5.98,3700.0,0.0225
Tyler Shough,QB,NO,DET,22.2,32.16,1.45,0.0,1.449,41.656,7.55,5600.0,0.0153
Cam Skattebo,RB,NYG,DAL,21.91,27.37,1.22,0.478,1.249,15.194,8.74,5800.0,0.0357
Matthew Stafford,QB,LAR,SF,21.77,26.76,1.22,1.0,1.229,78.118,6.76,6200.0,0.0068
Brock Bowers,TE,LV,MIA,21.76,32.13,1.44,0.723,1.477,103.856,10.23,6900.0,0.0061
Joe Burrow,QB,CIN,TB,21.76,26.65,1.22,0.01,1.225,105.628,8.54,6900.0,0.005
Chase Brown,RB,CIN,TB,21.45,28.82,1.35,0.539,1.344,30.648,7.49,7100.0,0.0186
Baker Mayfield,QB,TB,CIN,20.55,27.87,1.32,0.572,1.356,58.781,5.71,5900.0,0.0094
Alec Pierce,WR,IND,BAL,20.01,25.93,1.286,0.69,1.296,87.15,8.3,5700.0,0.0059
De'Von Achane,RB,MIA,LV,19.96,26.92,1.35,0.518,1.349,39.623,7.02,7000.0,0.0135
Tee Higgins,WR,CIN,TB,19.57,25.37,1.291,0.731,1.296,100.555,7.91,6300.0,0.005
Amon-Ra St. Brown,WR,DET,NO,19.49,30.52,1.569,0.551,1.566,120.967,10.93,7500.0,0.005
Ryan Flournoy,WR,DAL,NYG,19.14,24.14,1.27,0.564,1.261,11.541,7.23,3900.0,0.0415
Jalen Coker,WR,CAR,CHI,19.07,27.36,1.432,0.653,1.435,21.299,8.07,4600.0,0.0255
Trevor Lawrence,QB,JAX,CLE,18.85,26.5,1.45,0.935,1.406,91.01,8.32,5800.0,0.0058
Caleb Williams,QB,CHI,CAR,18.77,25.02,1.32,0.891,1.333,99.168,7.53,6300.0,0.005
Dallas Goedert,TE,PHI,WAS,18.73,27.37,1.424,0.595,1.461,28.361,7.15,4100.0,0.0191
Tyrone Tracy Jr.,RB,NYG,DAL,18.73,23.52,1.226,0.583,1.256,11.098,7.66,4800.0,0.042
Kyren Williams,RB,LAR,SF,18.7,25.65,1.362,0.651,1.372,23.185,6.26,6200.0,0.0219
Justin Herbert,QB,LAC,ARI,18.68,27.58,1.45,0.687,1.476,109.314,7.76,6100.0,0.005
Lamar Jackson,QB,BAL,IND,18.4,24.35,1.32,0.327,1.323,96.512,8.83,6800.0,0.005
Kenneth Walker III,RB,SEA,NE,18.39,27.67,1.513,0.646,1.505,34.618,8.36,6500.0,0.0158
Bryce Young,QB,CAR,CHI,18.33,26.62,1.45,0.741,1.452,47.723,7.14,5200.0,0.0111
Jalen Hurts,QB,PHI,WAS,18.04,26.84,1.45,0.838,1.488,106.381,7.04,6600.0,0.005
Cam Ward,QB,TEN,NYJ,17.97,22.58,1.22,0.118,1.257,56.028,5.29,5100.0,0.008
Trey McBride,TE,ARI,LAC,17.95,28.1,1.598,0.783,1.565,111.375,8.37,6800.0,0.005
Harold Fannin Jr.,TE,CLE,JAX,17.83,21.69,1.28,0.637,1.216,26.442,5.73,4200.0,0.0163
Parker Washington,WR,JAX,CLE,17.77,27.04,1.57,0.558,1.522,106.918,8.06,5600.0,0.005
Bo Nix,QB,DEN,KC,17.75,25.46,1.45,0.975,1.434,100.912,7.5,5800.0,0.005
Ashton Jeanty,RB,LV,MIA,17.45,26.82,1.515,0.587,1.537,46.442,8.69,6600.0,0.0114
Derrick Henry,RB,BAL,IND,17.31,23.85,1.379,0.745,1.378,67.249,10.0,6700.0,0.007
Josh Allen,QB,BUF,HOU,17.31,23.85,1.45,0.826,1.378,94.53,9.69,7000.0,0.005
Justin Fields,QB,NYJ,TEN,17.13,25.58,1.45,0.0,1.493,38.98,9.85,4500.0,0.013
Jacoby Brissett,QB,ARI,LAC,17.12,22.14,1.32,0.0,1.293,87.753,7.77,5100.0,0.005
Justin Jefferson,WR,MIN,GB,17.11,27.65,1.595,0.76,1.616,109.592,5.79,7300.0,0.005
Jahmyr Gibbs,RB,DET,NO,17.11,25.65,1.516,0.611,1.499,101.665,13.53,8000.0,0.005
Malik Willis,QB,GB,MIN,17.08,23.86,1.45,0.0,1.397,94.57,13.52,5300.0,0.005
Kyler Murray,QB,ARI,LAC,17.04,24.21,1.45,0.944,1.421,95.957,1.93,5500.0,0.005
Breece Hall,RB,NYJ,TEN,15.81,21.88,1.359,0.62,1.384,72.581,7.62,6200.0,0.006
Jonathan Taylor,RB,IND,BAL,15.73,21.29,1.358,0.622,1.353,84.384,12.35,7300.0,0.005
Davante Adams,WR,LAR,SF,15.67,20.38,1.291,0.727,1.301,80.777,6.87,6200.0,0.005
Brock Purdy,QB,SF,LA,15.43,21.69,1.45,0.843,1.406,85.969,9.91,5700.0,0.005
Mike Evans,WR,TB,CIN,15.02,19.52,1.266,0.529,1.3,77.368,5.8,6100.0,0.005
Jared Goff,QB,DET,NO,14.87,16.62,1.12,0.927,1.118,65.874,7.05,6000.0,0.005
Drake Maye,QB,NE,SEA,14.8,20.75,1.45,0.792,1.402,82.243,4.87,6000.0,0.005
Colston Loveland,TE,CHI,CAR,14.71,23.42,1.576,0.611,1.592,92.826,8.43,5300.0,0.005
Patrick Mahomes,QB,KC,DEN,14.69,18.98,1.32,0.838,1.292,75.228,7.77,5500.0,0.005
Geno Smith,QB,LV,MIA,14.27,17.84,1.22,0.637,1.25,70.709,6.74,4600.0,0.005
Rhamondre Stevenson,RB,NE,SEA,14.2,16.85,1.231,0.648,1.187,66.786,8.84,5700.0,0.005
Tua Tagovailoa,QB,MIA,LV,14.14,17.47,1.22,0.63,1.236,69.243,6.82,4800.0,0.005
A.J. Brown,WR,PHI,WAS,14.13,20.58,1.419,0.55,1.456,81.57,9.7,7100.0,0.005
Devaughn Vele,WR,NO,DET,14.11,18.09,1.284,0.676,1.282,19.491,6.8,3500.0,0.0184
DeVonta Smith,WR,PHI,WAS,14.02,20.44,1.421,0.568,1.458,81.015,7.6,6600.0,0.005
J.J. McCarthy,QB,MIN,GB,13.95,18.67,1.32,0.438,1.338,73.999,7.85,4500.0,0.005
Romeo Doubs,WR,GB,MIN,13.93,19.22,1.431,0.647,1.38,76.179,8.08,4600.0,0.005
Elic Ayomanor,WR,TEN,NYJ,13.79,20.41,1.437,0.695,1.48,18.692,4.24,3600.0,0.0216
Kyle Pitts,TE,ATL,PIT,13.79,20.01,1.44,0.719,1.451,79.31,9.94,4700.0,0.005
Kirk Cousins,QB,ATL,PIT,13.43,16.5,1.22,0.0,1.229,65.398,7.98,5000.0,0.005
RJ Harvey,RB,DEN,KC,13.42,16.24,1.22,0.5,1.21,64.368,7.24,5400.0,0.005
Kenny Gainwell,RB,PIT,ATL,13.39,15.11,1.123,0.572,1.128,58.969,9.16,5200.0,0.0051
Saquon Barkley,RB,PHI,WAS,13.36,18.68,1.369,0.628,1.398,74.039,6.87,6900.0,0.005
Sam LaPorta,TE,DET,NO,13.31,17.26,1.299,0.793,1.297,68.411,6.45,4400.0,0.005
D'Andre Swift,RB,CHI,CAR,13.27,16.84,1.257,0.733,1.269,66.746,6.51,6100.0,0.005
Drake London,WR,ATL,PIT,13.19,18.86,1.419,0.552,1.43,74.752,11.35,6500.0,0.005
Rashee Rice,WR,KC,DEN,13.15,20.56,1.597,0.774,1.563,81.49,7.95,6500.0,0.005
Jaxon Smith-Njigba,WR,SEA,NE,13.11,20.45,1.568,0.548,1.56,81.054,8.28,7600.0,0.005
DJ Moore,WR,CHI,CAR,13.01,17.12,1.303,0.828,1.316,67.856,8.06,5600.0,0.005
Daniel Jones,QB,IND,BAL,12.96,15.92,1.22,0.113,1.228,63.099,6.62,5400.0,0.005
Dak Prescott,QB,DAL,NYG,12.91,15.64,1.22,0.469,1.211,61.99,8.18,6400.0,0.005
Michael Penix Jr.,QB,ATL,PIT,12.84,15.78,1.22,0.367,1.229,62.545,7.21,4800.0,0.005
Sam Darnold,QB,SEA,NE,12.84,15.59,1.22,0.871,1.214,61.792,7.82,5400.0,0.005
Juwan Johnson,TE,NO,DET,12.83,15.34,1.198,0.781,1.196,42.147,4.82,3700.0,0.0072
Travis Etienne,RB,JAX,CLE,12.79,17.36,1.385,0.741,1.357,68.807,6.98,5900.0,0.005
Bucky Irving,RB,TB,CIN,12.47,17.51,1.376,0.712,1.404,69.402,5.61,5700.0,0.005
Javonte Williams,RB,DAL,NYG,12.35,15.43,1.228,0.623,1.249,61.157,6.02,6300.0,0.005
Quentin Johnston,WR,LAC,ARI,12.25,16.07,1.289,0.709,1.312,63.694,7.48,4700.0,0.005
Quinn Ewers,QB,MIA,LV,12.19,15.05,1.22,0.0,1.235,59.651,5.58,4000.0,0.005
Greg Dulcich,TE,MIA,LV,12.16,15.94,1.295,0.758,1.311,37.226,3.96,3500.0,0.0085
Marvin Mims Jr.,WR,DEN,KC,12.08,15.46,1.293,0.743,1.28,27.124,6.8,3200.0,0.0113
Jordan Love,QB,GB,MIN,12.06,14.19,1.22,0.542,1.177,56.243,7.71,5700.0,0.005
Terry McLaurin,WR,WAS,PHI,11.85,16.22,1.441,0.728,1.369,64.289,5.1,5700.0,0.005
Jameson Williams,WR,DET,NO,11.64,14.84,1.278,0.628,1.275,58.819,8.96,6000.0,0.005
Carson Wentz,QB,MIN,GB,11.64,14.39,1.22,0.689,1.236,57.035,4.47,4000.0,0.005
Tetairoa McMillan,WR,CAR,CHI,11.59,14.92,1.285,0.679,1.287,59.136,6.86,6100.0,0.005
James Conner,RB,ARI,LAC,11.55,14.21,1.249,0.714,1.23,34.057,3.97,4200.0,0.0083
Aaron Jones,RB,MIN,GB,11.54,15.6,1.35,0.557,1.352,61.831,4.51,5300.0,0.005
Colby Parkinson,TE,LAR,SF,11.53,13.91,1.197,0.775,1.206,52.897,6.58,3500.0,0.0052
Devin Singletary,RB,NYG,DAL,11.46,13.25,1.129,0.644,1.156,26.993,6.26,4000.0,0.0097
Christian Watson,WR,GB,MIN,11.45,14.17,1.284,0.67,1.238,56.163,7.28,5900.0,0.005
Cooper Kupp,WR,SEA,NE,11.31,16.16,1.436,0.688,1.429,64.051,4.15,4100.0,0.005
Kevin Austin Jr.,WR,NO,DET,11.17,14.25,1.277,0.614,1.276,34.603,5.63,3000.0,0.0082
Malik Nabers,WR,NYG,DAL,11.0,14.45,1.275,0.601,1.314,57.273,16.12,6800.0,0.005
Daniel Bellinger,TE,NYG,DAL,10.95,12.49,1.107,0.854,1.141,17.913,5.37,2700.0,0.0138
Gunner Olszewski,WR,NYG,DAL,10.86,13.31,1.19,0.718,1.226,38.024,5.01,3000.0,0.0069
Malik Washington,WR,MIA,LV,10.77,13.0,1.193,0.741,1.207,51.526,3.34,4200.0,0.005
Isaiah Williams,WR,NYJ,TEN,10.75,15.76,1.423,0.586,1.466,23.503,3.97,3000.0,0.0133
Chris Godwin Jr.,WR,TB,CIN,10.75,13.11,1.187,0.699,1.22,51.962,6.58,5200.0,0.005
Jaylen Warren,RB,PIT,ATL,10.68,14.53,1.354,0.583,1.36,57.59,5.76,5400.0,0.005
Tony Pollard,RB,TEN,NYJ,10.61,14.72,1.366,0.668,1.387,58.343,5.62,5600.0,0.005
Chuba Hubbard,RB,CAR,CHI,10.59,12.97,1.22,0.586,1.225,51.407,6.6,5500.0,0.005
J.K. Dobbins,RB,DEN,KC,10.57,14.5,1.382,0.783,1.372,57.471,4.1,5300.0,0.005
Mack Hollins,WR,NE,SEA,10.54,13.0,1.275,0.598,1.233,51.526,4.95,3600.0,0.005
Darius Slayton,WR,NYG,DAL,10.53,13.94,1.286,0.69,1.324,55.252,3.83,4200.0,0.005
Devin Neal,RB,NO,DET,10.52,11.73,1.12,0.484,1.115,46.492,5.27,4400.0,0.005
Tory Horton,WR,SEA,NE,10.52,12.49,1.193,0.741,1.187,49.505,7.93,3400.0,0.005
James Cook,RB,BUF,HOU,10.52,13.85,1.35,0.584,1.317,54.895,9.04,7200.0,0.005
Courtland Sutton,WR,DEN,KC,10.51,13.4,1.289,0.711,1.275,53.111,7.07,6000.0,0.005
Michael Mayer,TE,LV,MIA,10.49,13.67,1.271,0.57,1.303,23.066,5.6,2900.0,0.0117
Josh Downs,WR,IND,BAL,10.49,12.63,1.195,0.76,1.204,50.059,4.74,5200.0,0.005
C.J. Stroud,QB,HOU,BUF,10.48,12.45,1.22,0.217,1.188,49.346,6.28,5200.0,0.005
Trey Benson,RB,ARI,LAC,10.2,11.29,1.125,0.552,1.107,44.748,1.05,4400.0,0.005
Jayden Daniels,QB,WAS,PHI,10.13,13.95,1.45,0.503,1.377,55.291,6.02,6500.0,0.005
Chimere Dike,WR,TEN,NYJ,10.11,12.39,1.189,0.712,1.226,49.108,5.96,3400.0,0.005
DK Metcalf,WR,PIT,ATL,9.79,12.62,1.291,0.728,1.289,50.02,6.0,5400.0,0.005
Brian Thomas Jr.,WR,JAX,CLE,9.73,11.14,1.182,0.66,1.145,44.154,4.83,5500.0,0.005
Jahdae Walker,WR,CHI,CAR,9.66,10.71,1.097,0.774,1.109,42.449,5.34,3100.0,0.005
Chris Rodriguez Jr.,RB,WAS,PHI,9.59,11.42,1.22,0.656,1.191,45.264,4.84,5100.0,0.005
Khalil Shakir,WR,BUF,HOU,9.57,13.06,1.436,0.684,1.365,51.764,5.97,4800.0,0.005
Nico Collins,WR,HOU,BUF,9.55,11.96,1.286,0.687,1.252,47.404,6.61,7000.0,0.005
Tucker Kraft,TE,GB,MIN,9.47,11.66,1.277,0.616,1.231,46.215,9.87,4500.0,0.005
Shedeur Sanders,QB,CLE,JAX,9.41,11.81,1.32,0.461,1.255,46.809,9.84,4700.0,0.005
Aaron Rodgers,QB,PIT,ATL,9.25,10.35,1.12,0.495,1.119,41.023,6.69,5300.0,0.005
Quinshon Judkins,RB,CLE,JAX,9.17,12.14,1.35,0.557,1.324,48.117,6.66,5500.0,0.005
Tyler Warren,TE,IND,BAL,9.17,13.32,1.442,0.732,1.453,52.794,4.88,4900.0,0.005
Jacory Croskey-Merritt,RB,WAS,PHI,9.16,10.96,1.225,0.661,1.197,43.44,7.47,5300.0,0.005
Ty Johnson,RB,BUF,HOU,9.12,9.45,1.063,0.758,1.036,37.455,5.29,4200.0,0.005
Jayden Reed,WR,GB,MIN,9.12,11.5,1.308,0.865,1.261,45.581,3.3,4900.0,0.005
Rachaad White,RB,TB,CIN,9.04,9.4,1.02,0.474,1.04,37.257,5.5,5200.0,0.005
Chig Okonkwo,TE,TEN,NYJ,9.0,12.0,1.295,0.762,1.333,47.562,4.48,4000.0,0.005
Woody Marks,RB,HOU,BUF,8.99,12.2,1.35,0.478,1.357,48.355,6.93,5000.0,0.005
Tre Tucker,WR,LV,MIA,8.93,11.78,1.287,0.695,1.319,46.69,8.94,4000.0,0.005
Van Jefferson,WR,TEN,NYJ,8.89,10.9,1.191,0.73,1.226,43.203,3.38,3000.0,0.005
Christian Kirk,WR,HOU,BUF,8.83,11.12,1.293,0.745,1.259,44.075,7.78,3000.0,0.005
Matthew Golden,WR,GB,MIN,8.8,10.96,1.292,0.74,1.245,43.44,5.4,4700.0,0.005
Dalton Kincaid,TE,BUF,HOU,8.79,9.97,1.194,0.755,1.134,39.516,6.58,4600.0,0.005
Omarion Hampton,RB,LAC,ARI,8.78,10.83,1.22,0.37,1.233,42.925,9.0,6800.0,0.005
Jayden Higgins,WR,HOU,BUF,8.77,10.97,1.285,0.682,1.251,43.48,5.16,4500.0,0.005
Jake Tonges,TE,SF,LA,8.69,10.78,1.28,0.64,1.241,42.727,6.16,3300.0,0.005
Ladd McConkey,WR,LAC,ARI,8.66,10.46,1.186,0.686,1.208,41.459,6.75,5900.0,0.005
Mason Taylor,TE,NYJ,TEN,8.65,11.45,1.286,0.686,1.324,45.382,4.87,2800.0,0.005
Tyjae Spears,RB,TEN,NYJ,8.6,10.0,1.145,0.687,1.163,39.635,5.55,5100.0,0.005
Albert Okwuegbunam,TE,LV,MIA,8.57,11.64,1.325,1.0,1.358,23.106,6.09,2500.0,0.01
Zach Charbonnet,RB,SEA,NE,8.56,9.78,1.148,0.714,1.143,38.763,6.77,5100.0,0.005
Samaje Perine,RB,CIN,TB,8.56,9.55,1.12,0.611,1.116,37.852,4.74,4600.0,0.005
Jalen McMillan,WR,TB,CIN,8.55,9.55,1.089,0.713,1.117,37.852,7.44,4400.0,0.005
Josh Jacobs,RB,GB,MIN,8.53,11.25,1.35,0.454,1.319,44.59,9.0,6300.0,0.005
George Pickens,WR,DAL,NYG,8.4,10.73,1.287,0.698,1.277,42.529,9.67,6400.0,0.005
Michael Carter,RB,ARI,LAC,8.35,10.02,1.22,0.503,1.2,39.715,4.89,4000.0,0.005
Keenan Allen,WR,LAC,ARI,8.34,12.26,1.443,0.742,1.47,48.593,6.72,4700.0,0.005
KaVontae Turpin,WR,DAL,NYG,8.33,9.17,1.109,0.869,1.101,36.346,4.65,3300.0,0.005
John Metchie III,WR,NYJ,TEN,8.29,10.93,1.28,0.642,1.318,43.321,5.42,3200.0,0.005
Alvin Kamara,RB,NO,DET,8.28,10.05,1.22,0.511,1.214,39.834,4.9,4900.0,0.005
Kyle Monangai,RB,CHI,CAR,8.28,9.37,1.122,0.617,1.132,37.138,6.07,5100.0,0.005
Rico Dowdle,RB,CAR,CHI,8.22,10.06,1.22,0.446,1.224,39.873,9.81,5200.0,0.005
Davis Mills,QB,HOU,BUF,7.84,9.31,1.22,0.0,1.188,36.901,9.75,4200.0,0.005
Jameis Winston,QB,NYG,DAL,7.82,9.84,1.22,0.0,1.258,39.001,16.83,4000.0,0.005
Darnell Mooney,WR,ATL,PIT,7.71,9.99,1.286,0.685,1.296,39.596,3.83,4000.0,0.005
Jauan Jennings,WR,SF,LA,7.68,9.61,1.292,0.732,1.251,38.09,5.75,4300.0,0.005
Stefon Diggs,WR,NE,SEA,7.66,9.45,1.275,0.601,1.234,37.455,6.6,5200.0,0.005
Luther Burden III,WR,CHI,CAR,7.62,9.93,1.29,0.719,1.303,39.358,7.1,5500.0,0.005
Oronde Gadsden II,TE,LAC,ARI,7.58,9.2,1.192,0.734,1.214,36.465,7.32,3500.0,0.005
CeeDee Lamb,WR,DAL,NYG,7.56,8.87,1.182,0.658,1.173,35.157,5.98,7400.0,0.005
Garrett Wilson,WR,NYJ,TEN,7.53,12.22,1.574,0.594,1.623,48.434,9.66,5800.0,0.005
Josh Johnson,QB,WAS,PHI,7.45,9.34,1.32,0.0,1.254,37.019,8.01,4000.0,0.005
Deebo Samuel Sr.,WR,WAS,PHI,7.36,10.02,1.434,0.676,1.361,39.715,6.94,5000.0,0.005
Blake Corum,RB,LAR,SF,7.17,8.23,1.139,0.711,1.148,32.62,6.14,5200.0,0.005
Brady Cook,QB,NYJ,TEN,7.07,9.62,1.32,0.79,1.361,38.129,3.11,4000.0,0.005
Dalton Schultz,TE,HOU,BUF,7.06,7.51,1.092,0.733,1.064,29.766,5.56,3400.0,0.005
George Kittle,TE,SF,LA,7.06,8.78,1.283,0.666,1.244,34.8,8.73,4800.0,0.005
Calvin Ridley,WR,TEN,NYJ,7.03,7.74,1.069,0.55,1.101,30.678,5.48,4500.0,0.005
Emari Demercado,RB,ARI,LAC,6.92,7.63,1.12,0.633,1.103,30.242,4.3,4000.0,0.005
Tank Bigsby,RB,PHI,WAS,6.92,7.91,1.12,0.536,1.143,31.352,5.01,4900.0,0.005
David Montgomery,RB,DET,NO,6.91,7.81,1.142,0.724,1.13,30.955,6.73,6000.0,0.005
Trey Lance,QB,LAC,ARI,6.86,10.13,1.45,0.0,1.477,40.151,3.9,4000.0,0.005
Malik Davis,RB,DAL,NYG,6.83,7.8,1.122,0.646,1.142,30.916,4.81,4300.0,0.005
Isaac TeSlaa,WR,DET,NO,6.73,7.42,1.105,0.839,1.103,29.409,5.61,3900.0,0.005
Marcus Mariota,QB,WAS,PHI,6.66,9.17,1.45,0.0,1.377,36.346,8.05,4500.0,0.005
Tyler Huntley,QB,BAL,IND,6.64,8.8,1.32,0.0,1.325,34.879,7.31,4300.0,0.005
Jerry Jeudy,WR,CLE,JAX,6.61,9.01,1.435,0.684,1.363,35.711,5.22,4100.0,0.005
Mo Alie-Cox,TE,IND,BAL,6.57,7.35,1.109,0.874,1.119,29.132,3.17,2500.0,0.005
Cole Kmet,TE,CHI,CAR,6.56,7.27,1.097,0.777,1.108,28.815,3.71,3300.0,0.005
Theo Johnson,TE,NYG,DAL,6.55,8.72,1.291,0.726,1.331,34.562,5.82,2800.0,0.005
Travis Kelce,TE,KC,DEN,6.51,9.19,1.443,0.743,1.412,36.425,6.4,4000.0,0.005
Devontez Walker,WR,BAL,IND,6.5,7.2,1.104,0.83,1.108,28.537,6.47,3200.0,0.005
AJ Barner,TE,SEA,NE,6.5,7.05,1.091,0.732,1.085,27.943,6.56,3600.0,0.005
Demarcus Robinson,WR,SF,LA,6.48,7.5,1.194,0.754,1.157,29.727,5.63,3800.0,0.005
Mike Gesicki,TE,CIN,TB,6.45,7.14,1.103,0.823,1.107,28.3,5.58,3100.0,0.005
David Njoku,TE,CLE,JAX,6.42,6.64,1.089,0.709,1.034,26.318,5.05,3000.0,0.005
T.J. Hockenson,TE,MIN,GB,6.37,7.7,1.193,0.744,1.209,30.519,4.04,3300.0,0.005
Tyrod Taylor,QB,NYJ,TEN,6.35,9.48,1.45,0.0,1.493,37.574,8.37,4000.0,0.005
Brenton Strange,TE,JAX,CLE,6.32,7.94,1.297,0.779,1.256,31.47,4.93,3600.0,0.005
Josh Oliver,TE,MIN,GB,6.28,7.04,1.105,0.842,1.121,27.903,5.0,2800.0,0.005
Mark Andrews,TE,BAL,IND,6.25,8.14,1.299,0.793,1.302,32.263,6.79,3900.0,0.005
Isaiah Likely,TE,BAL,IND,6.25,7.48,1.195,0.762,1.197,29.647,4.1,4300.0,0.005
Rome Odunze,WR,CHI,CAR,6.24,8.12,1.29,0.719,1.301,32.184,8.69,5400.0,0.005
Xavier Hutchinson,WR,HOU,BUF,6.14,8.59,1.437,0.694,1.399,34.047,5.1,3200.0,0.005
Dylan Sampson,RB,CLE,JAX,6.05,6.65,1.12,0.553,1.099,26.358,5.6,4700.0,0.005
Jaylen Wright,RB,MIA,LV,6.02,6.73,1.12,0.504,1.118,26.675,5.52,4500.0,0.005
Aidan O'Connell,QB,LV,MIA,6.02,6.92,1.12,1.0,1.15,27.428,9.24,4000.0,0.005
Emeka Egbuka,WR,TB,CIN,5.99,7.28,1.184,0.673,1.215,28.855,8.14,6200.0,0.005
Tommy Tremble,TE,CAR,CHI,5.97,6.52,1.091,0.729,1.092,25.842,4.39,2900.0,0.005
Ja'Tavion Sanders,TE,CAR,CHI,5.95,6.53,1.096,0.765,1.097,25.882,3.84,2700.0,0.005
Kimani Vidal,RB,LAC,ARI,5.94,7.32,1.22,0.449,1.232,29.013,8.04,4800.0,0.005
Kalif Raymond,WR,DET,NO,5.85,6.45,1.103,0.827,1.103,25.565,4.5,3300.0,0.005
Raheim Sanders,RB,CLE,JAX,5.84,6.54,1.142,0.718,1.12,25.922,1.05,4000.0,0.005
Greg Dortch,WR,ARI,LAC,5.76,6.19,1.098,0.782,1.075,24.534,6.02,3400.0,0.005
Bam Knight,RB,ARI,LAC,5.73,6.32,1.12,0.475,1.103,25.05,5.9,4000.0,0.005
Xavier Restrepo,WR,TEN,NYJ,5.7,6.34,1.079,0.634,1.112,25.129,1.48,3000.0,0.005
Darren Waller,TE,MIA,LV,5.66,7.36,1.284,0.669,1.3,29.172,8.91,3200.0,0.005
Grant Calcaterra,TE,PHI,WAS,5.65,6.43,1.11,0.877,1.138,25.486,3.08,2500.0,0.005
Tre Harris,WR,LAC,ARI,5.65,6.87,1.194,0.749,1.216,27.229,2.79,3800.0,0.005
Andrei Iosivas,WR,CIN,TB,5.42,5.96,1.097,0.775,1.1,23.623,5.18,3300.0,0.005
Jake Ferguson,TE,DAL,NYG,5.36,5.77,1.084,0.675,1.076,22.87,7.11,3900.0,0.005
Keon Coleman,WR,BUF,HOU,5.36,5.57,1.093,0.74,1.039,22.077,5.67,4000.0,0.005
Calvin Austin III,WR,PIT,ATL,5.32,6.31,1.188,0.702,1.186,25.01,5.34,3700.0,0.005
Tyler Allgeier,RB,ATL,PIT,5.28,5.98,1.132,0.686,1.133,23.702,5.35,4900.0,0.005
Spencer Rattler,QB,NO,DET,5.26,6.94,1.32,0.0,1.319,27.507,6.43,4000.0,0.005
Jalen Nailor,WR,MIN,GB,5.25,5.82,1.093,0.744,1.109,23.068,6.61,4300.0,0.005
Isiah Pacheco,RB,KC,DEN,5.21,6.38,1.238,0.604,1.225,25.287,3.89,5000.0,0.005
Dawson Knox,TE,BUF,HOU,5.21,5.92,1.195,0.759,1.136,23.464,4.67,3100.0,0.005
Jordan James,RB,SF,LA,5.18,6.1,1.195,1.0,1.178,24.178,8.22,4200.0,0.005
Tanner Hudson,TE,CIN,TB,5.14,5.7,1.105,0.844,1.109,22.592,3.15,2500.0,0.005
Andy Dalton,QB,CAR,CHI,5.14,5.76,1.12,0.0,1.121,22.83,2.68,4000.0,0.005
Jordan Mason,RB,MIN,GB,5.07,5.68,1.12,0.56,1.12,22.513,5.5,5400.0,0.005
Ronnie Bell,WR,NO,DET,5.02,5.43,1.083,0.667,1.082,21.522,7.28,3000.0,0.005
Mitchell Trubisky,QB,BUF,HOU,4.88,5.66,1.22,0.0,1.16,22.434,13.06,4000.0,0.005
Michael Pittman,WR,IND,BAL,4.8,5.73,1.183,0.664,1.194,22.711,7.36,4900.0,0.005
Isaiah Davis,RB,NYJ,TEN,4.7,5.06,1.057,0.736,1.077,20.055,4.84,4200.0,0.005
Jaydon Blue,RB,DAL,NYG,4.67,5.32,1.12,0.652,1.139,21.086,4.97,4000.0,0.005
Olamide Zaccheaus,WR,CHI,CAR,4.67,5.16,1.094,0.753,1.105,20.452,4.43,3500.0,0.005
Michael Bandy,WR,DEN,KC,4.66,5.13,1.114,0.911,1.101,20.333,3.79,3000.0,0.005
Elijah Higgins,TE,ARI,LAC,4.65,5.43,1.193,0.744,1.168,21.522,3.95,2500.0,0.005
John Bates,TE,WAS,PHI,4.64,4.84,1.099,0.792,1.043,19.184,2.65,2500.0,0.005
Kayshon Boutte,WR,NE,SEA,4.63,5.77,1.288,0.703,1.246,22.87,7.08,4500.0,0.005
Cedric Tillman,WR,CLE,JAX,4.52,4.72,1.097,0.777,1.044,18.708,4.59,3400.0,0.005
Pat Freiermuth,TE,PIT,ATL,4.48,5.39,1.204,0.834,1.203,21.363,6.34,3400.0,0.005
DeMario Douglas,WR,NE,SEA,4.48,5.2,1.197,0.777,1.161,20.61,5.17,3300.0,0.005
Jakobi Meyers,WR,JAX,CLE,4.48,5.61,1.291,0.731,1.252,22.235,4.72,5000.0,0.005
Evan Engram,TE,DEN,KC,4.46,5.29,1.199,0.792,1.186,20.967,3.88,3400.0,0.005
TreVeyon Henderson,RB,NE,SEA,4.43,4.78,1.12,0.542,1.079,18.946,9.26,5200.0,0.005
Darnell Washington,TE,PIT,ATL,4.42,4.83,1.094,0.756,1.093,19.144,3.16,3000.0,0.005
Tyler Higbee,TE,LAR,SF,4.39,4.85,1.098,0.781,1.105,19.223,5.66,3200.0,0.005
Brevyn Spann-Ford,TE,DAL,NYG,4.38,4.82,1.109,0.869,1.1,19.104,2.19,2900.0,0.005
Hunter Henry,TE,NE,SEA,4.34,5.0,1.192,0.738,1.152,19.818,7.12,3800.0,0.005
Lil'Jordan Humphrey,WR,DEN,KC,4.32,5.07,1.184,0.669,1.174,20.095,4.99,3200.0,0.005
Tez Johnson,WR,TB,CIN,4.3,4.82,1.092,0.739,1.121,19.104,6.51,3100.0,0.005
Gunnar Helm,TE,TEN,NYJ,4.28,4.85,1.101,0.805,1.133,19.223,3.99,3200.0,0.005
Joe Milton III,QB,DAL,NYG,4.28,5.19,1.22,0.104,1.213,20.571,3.73,4000.0,0.005
Ian Thomas,TE,LV,MIA,4.28,4.86,1.108,0.863,1.136,19.263,2.45,2500.0,0.005
Drew Sample,TE,CIN,TB,4.25,4.73,1.11,0.884,1.113,18.748,2.85,2600.0,0.005
Pat Bryant,WR,DEN,KC,4.24,4.59,1.094,0.752,1.083,18.193,4.0,4200.0,0.005
Brock Wright,TE,DET,NO,4.23,5.04,1.193,0.744,1.191,19.976,4.21,2900.0,0.005
Kendre Miller,RB,NO,DET,4.21,4.79,1.143,0.749,1.138,18.985,3.91,4000.0,0.005
Moliki Matavao,TE,NO,DET,4.14,4.65,1.125,1.0,1.123,18.43,6.09,2500.0,0.005
Xavier Worthy,WR,KC,DEN,4.1,4.8,1.196,0.767,1.171,19.025,4.52,4500.0,0.005
Darius Cooper,WR,PHI,WAS,4.08,4.6,1.099,0.793,1.127,18.232,2.13,3000.0,0.005
Casey Washington,WR,ATL,PIT,4.04,4.49,1.102,0.819,1.111,17.796,2.25,3000.0,0.005
Bhayshul Tuten,RB,JAX,CLE,4.0,4.13,1.051,0.763,1.032,16.369,4.76,5800.0,0.005
Ben Sinnott,TE,WAS,PHI,3.94,4.48,1.197,0.772,1.137,17.757,2.37,2800.0,0.005
Tyquan Thornton,WR,KC,DEN,3.93,4.19,1.089,0.714,1.066,16.607,5.71,3500.0,0.005
KeAndre Lambert-Smith,WR,LAC,ARI,3.86,4.35,1.106,0.846,1.127,17.241,2.84,3000.0,0.005
Jaylen Waddle,WR,MIA,LV,3.86,5.02,1.283,0.662,1.301,19.897,6.87,6300.0,0.005
Malachi Corley,WR,CLE,JAX,3.84,4.01,1.1,0.802,1.044,15.894,1.88,3000.0,0.005
Jeremy McNichols,RB,WAS,PHI,3.83,3.97,1.061,0.743,1.037,15.735,3.79,4300.0,0.005
Brashard Smith,RB,KC,DEN,3.82,3.87,1.025,0.593,1.013,15.339,4.01,4000.0,0.005
Shane Buechele,QB,KC,DEN,3.74,4.1,1.12,1.0,1.096,16.25,9.24,4000.0,0.005
Ricky Pearsall,WR,SF,LA,3.72,4.28,1.187,0.694,1.151,16.964,6.89,3000.0,0.005
Jawhar Jordan,RB,HOU,BUF,3.72,4.19,1.12,0.47,1.126,16.607,6.51,4500.0,0.005
Jordan Addison,WR,MIN,GB,3.66,4.37,1.178,0.623,1.194,17.321,5.66,5800.0,0.005
Sean Tucker,RB,TB,CIN,3.62,3.77,1.02,0.613,1.041,14.943,8.24,4700.0,0.005
Rashid Shaheed,WR,SEA,NE,3.59,4.22,1.182,0.654,1.175,16.726,5.4,4400.0,0.005
Jordan Watkins,WR,SF,LA,3.58,3.88,1.117,0.94,1.084,15.379,0.85,3300.0,0.005
Ben Sims,TE,MIN,GB,3.54,4.3,1.201,0.806,1.215,17.043,0.75,2500.0,0.005
Tanner McKee,QB,PHI,WAS,3.53,4.41,1.22,0.0,1.249,17.479,6.27,4000.0,0.005
Najee Harris,RB,LAC,ARI,3.52,4.02,1.127,0.654,1.142,15.933,2.57,4300.0,0.005
Mason Tipton,WR,NO,DET,3.49,3.84,1.101,0.809,1.1,15.22,3.35,3000.0,0.005
Luke Schoonmaker,TE,DAL,NYG,3.46,3.83,1.116,0.926,1.107,15.18,1.43,2500.0,0.005
Adonai Mitchell,WR,NYJ,TEN,3.42,4.47,1.269,0.551,1.307,17.717,6.79,4000.0,0.005
Jack Bech,WR,LV,MIA,3.38,4.13,1.193,0.743,1.222,16.369,3.17,3600.0,0.005
Noah Gray,TE,KC,DEN,3.35,3.92,1.196,0.765,1.17,15.537,2.03,3000.0,0.005
Nate Carter,RB,ATL,PIT,3.33,3.42,1.029,0.736,1.027,13.555,0.85,4000.0,0.005
Stone Smartt,TE,NYJ,TEN,3.31,3.73,1.094,0.751,1.127,14.784,3.47,2500.0,0.005
Shane Zylstra,TE,DET,NO,3.3,3.71,1.125,1.0,1.124,14.705,6.09,2500.0,0.005
Luke Musgrave,TE,GB,MIN,3.29,3.49,1.102,0.814,1.061,13.833,2.57,3000.0,0.005
Hunter Luepke,RB,DAL,NYG,3.29,3.59,1.071,0.847,1.091,14.229,2.83,4000.0,0.005
Keaton Mitchell,RB,BAL,IND,3.26,3.42,1.051,0.731,1.049,13.555,3.27,4800.0,0.005
Jaleel McLaughlin,RB,DEN,KC,3.24,3.38,1.051,0.765,1.043,13.397,2.6,4000.0,0.005
Will Mallory,TE,IND,BAL,3.2,3.62,1.125,1.0,1.131,14.348,6.09,2500.0,0.005
Treylon Burks,WR,WAS,PHI,3.18,3.9,1.289,0.71,1.226,15.458,3.25,3400.0,0.005
Drake Dabney,TE,GB,MIN,3.18,4.06,1.325,1.0,1.277,16.092,6.09,2500.0,0.005
Joe Flacco,QB,CIN,TB,3.17,3.88,1.22,0.0,1.224,15.379,10.24,4400.0,0.005
Jared Wayne,WR,HOU,BUF,3.15,3.45,1.125,1.0,1.095,13.674,7.32,3000.0,0.005
Justice Hill,RB,BAL,IND,3.14,3.33,1.062,0.732,1.061,13.199,8.56,4200.0,0.005
Julian Hill,TE,MIA,LV,3.14,3.52,1.105,0.839,1.121,13.952,2.16,2500.0,0.005
Ameer Abdullah,RB,IND,BAL,3.13,3.34,1.072,0.812,1.067,13.238,2.72,4000.0,0.005
Jarrett Stidham,QB,DEN,KC,3.13,4.09,1.32,0.0,1.307,16.211,6.17,4300.0,0.005
Max Brosmer,QB,MIN,GB,3.04,3.44,1.12,0.0,1.132,13.635,1.25,4000.0,0.005
Xavier Legette,WR,CAR,CHI,2.98,3.54,1.188,0.708,1.188,14.031,6.71,3700.0,0.005
Dontayvion Wicks,WR,GB,MIN,2.96,3.11,1.088,0.707,1.051,12.327,7.02,4100.0,0.005
Emanuel Wilson,RB,GB,MIN,2.91,3.19,1.12,0.544,1.096,12.644,6.71,4100.0,0.005
Braelon Allen,RB,NYJ,TEN,2.89,3.12,1.06,0.799,1.08,12.366,3.44,4700.0,0.005
Tyrell Shavers,WR,BUF,HOU,2.76,2.88,1.096,0.77,1.043,11.415,5.13,3000.0,0.005
Jeremy Ruckert,TE,NYJ,TEN,2.73,3.1,1.102,0.816,1.136,12.287,2.33,2500.0,0.005
Quintin Morris,TE,JAX,CLE,2.72,2.91,1.102,0.817,1.07,11.534,2.38,2500.0,0.005
Chris Brooks,RB,GB,MIN,2.71,2.78,1.048,0.733,1.026,11.019,2.0,4500.0,0.005
Zaire Mitchell-Paden,TE,NO,DET,2.69,3.01,1.121,0.97,1.119,11.93,1.2,2500.0,0.005
Dare Ogunbowale,RB,HOU,BUF,2.68,2.9,1.074,0.828,1.082,11.494,2.24,4000.0,0.005
Isaiah Bond,WR,CLE,JAX,2.67,2.78,1.096,0.768,1.041,11.019,3.21,3300.0,0.005
Jacoby Jones,WR,WAS,PHI,2.6,2.79,1.125,1.0,1.073,11.058,7.32,3000.0,0.005
Troy Franklin,WR,DEN,KC,2.59,2.77,1.082,0.654,1.069,10.979,7.69,3800.0,0.005
Ray Davis,RB,BUF,HOU,2.55,2.57,1.032,0.68,1.008,10.186,6.01,4600.0,0.005
Tutu Atwell,WR,LAR,SF,2.43,2.72,1.113,0.907,1.119,10.781,5.69,3700.0,0.005
Elijah Moore,WR,DEN,KC,2.41,2.63,1.1,0.797,1.091,10.424,3.28,3000.0,0.005
Tyler Conklin,TE,LAC,ARI,2.39,2.71,1.112,0.895,1.134,10.741,2.69,2500.0,0.005
Lucas Krull,TE,DEN,KC,2.35,2.6,1.114,0.911,1.106,10.305,0.21,2500.0,0.005
Hunter Long,TE,JAX,CLE,2.28,2.46,1.112,0.895,1.079,9.75,3.59,2500.0,0.005
Foster Moreau,TE,NO,DET,2.27,2.51,1.108,0.865,1.106,9.948,1.45,2600.0,0.005
Beaux Collins,WR,NYG,DAL,2.22,2.52,1.104,0.832,1.135,9.988,1.37,3000.0,0.005
Corey Kiner,RB,ARI,LAC,2.19,2.27,1.051,0.718,1.037,8.997,2.07,4000.0,0.005
Cade Stover,TE,HOU,BUF,2.16,2.34,1.11,0.877,1.083,9.275,2.0,2500.0,0.005
Terrance Ferguson,TE,LAR,SF,2.1,2.33,1.104,0.835,1.11,9.235,4.94,3000.0,0.005
Jonnu Smith,TE,PIT,ATL,2.09,2.29,1.1,0.8,1.096,9.076,3.87,3000.0,0.005
Marvin Harrison Jr.,WR,ARI,LAC,2.09,2.21,1.08,0.643,1.057,8.759,7.03,5000.0,0.005
Rashod Bateman,WR,BAL,IND,2.08,2.26,1.09,0.717,1.087,8.958,4.82,3900.0,0.005
David Martin-Robinson,TE,TEN,NYJ,2.08,2.37,1.111,0.885,1.139,9.394,2.17,2500.0,0.005
Keleki Latu,TE,BUF,HOU,2.07,2.16,1.098,0.781,1.043,8.561,3.2,2500.0,0.005
Ty Chandler,RB,MIN,GB,2.03,2.28,1.12,0.494,1.123,9.037,3.23,4000.0,0.005
Josh Whyle,TE,GB,MIN,2.03,2.18,1.113,0.904,1.074,8.641,2.34,2500.0,0.005
Rasheen Ali,RB,BAL,IND,2.0,2.14,1.071,0.786,1.07,8.482,2.92,4200.0,0.005
Chris Oladokun,QB,KC,DEN,1.97,2.35,1.22,0.063,1.193,9.314,4.86,4000.0,0.005
Austin Hooper,TE,NE,SEA,1.97,2.11,1.11,0.879,1.071,8.363,2.92,2700.0,0.005
Kylen Granson,TE,PHI,WAS,1.91,2.16,1.102,0.815,1.131,8.561,2.01,2500.0,0.005
Tay Martin,WR,WAS,PHI,1.91,2.04,1.124,0.995,1.068,8.086,0.35,3000.0,0.005
Dillon Gabriel,QB,CLE,JAX,1.84,1.95,1.12,0.0,1.06,7.729,7.22,4000.0,0.005
Johnny Mundt,TE,JAX,CLE,1.79,1.91,1.105,0.84,1.067,7.57,1.44,2500.0,0.005
Cam Grandy,TE,CIN,TB,1.76,1.98,1.123,0.982,1.125,7.848,0.35,2500.0,0.005
Chris Moore,WR,WAS,PHI,1.74,1.8,1.087,0.7,1.034,7.134,4.32,3000.0,0.005
Jacardia Wright,RB,SEA,NE,1.72,1.88,1.095,1.0,1.093,7.451,8.22,4000.0,0.005
Adam Trautman,TE,DEN,KC,1.71,1.88,1.11,0.879,1.099,7.451,2.97,2700.0,0.005
DJ Giddens,RB,IND,BAL,1.67,1.71,1.025,0.686,1.024,6.778,1.75,4300.0,0.005
Mac Jones,QB,SF,LA,1.65,1.95,1.22,0.0,1.182,7.729,9.45,4000.0,0.005
Zavier Scott,RB,MIN,GB,1.57,1.65,1.052,0.723,1.051,6.54,4.67,4000.0,0.005
Davis Allen,TE,LAR,SF,1.55,1.74,1.107,0.856,1.123,6.897,2.93,2500.0,0.005
Noah Fant,TE,CIN,TB,1.54,1.7,1.094,0.753,1.104,6.738,4.73,3200.0,0.005
Jimmy Horn Jr.,WR,CAR,CHI,1.5,1.67,1.107,0.86,1.113,6.619,1.86,3000.0,0.005
Kenny Pickett,QB,LV,MIA,1.48,1.85,1.22,0.0,1.25,7.333,3.59,4000.0,0.005
George Holani,RB,SEA,NE,1.48,1.55,1.048,0.729,1.047,6.143,3.0,4600.0,0.005
Zamir White,RB,LV,MIA,1.48,1.61,1.066,0.81,1.088,6.381,1.42,4000.0,0.005
Brittain Brown,RB,CHI,CAR,1.45,1.53,1.047,0.767,1.055,6.064,6.86,4000.0,0.005
Tyson Bagent,QB,CHI,CAR,1.39,1.58,1.12,0.819,1.137,6.262,0.69,4000.0,0.005
Amar Johnson,RB,LAC,ARI,1.39,1.54,1.095,1.0,1.108,6.104,8.22,4000.0,0.005
Jalen Tolbert,WR,DAL,NYG,1.39,1.51,1.093,0.744,1.086,5.985,4.3,3500.0,0.005
Brian Robinson,RB,SF,LA,1.35,1.39,1.043,0.74,1.03,5.509,3.16,4700.0,0.005
Jelani Woods,TE,NYJ,TEN,1.34,1.55,1.116,0.925,1.157,6.143,0.99,2500.0,0.005
Konata Mumpfield,WR,LAR,SF,1.32,1.46,1.101,0.811,1.106,5.787,2.62,3200.0,0.005
Kyle Williams,WR,NE,SEA,1.27,1.35,1.1,0.8,1.063,5.351,4.68,3100.0,0.005
Will Shipley,RB,PHI,WAS,1.26,1.38,1.073,0.85,1.095,5.47,1.52,4100.0,0.005
Jamari Thrash,WR,CLE,JAX,1.22,1.29,1.107,0.857,1.057,5.113,1.54,3000.0,0.005
Dont'e Thornton Jr.,WR,LV,MIA,1.18,1.33,1.103,0.823,1.127,5.272,2.18,3300.0,0.005
Luke McCaffrey,WR,WAS,PHI,1.17,1.21,1.096,0.771,1.034,4.796,5.3,3500.0,0.005
Kendrick Bourne,WR,SF,LA,1.17,1.24,1.09,0.72,1.06,4.915,6.85,3600.0,0.005
Bo Melton,WR,GB,MIN,1.15,1.22,1.098,0.781,1.061,4.836,3.35,3000.0,0.005
Jahan Dotson,WR,PHI,WAS,1.14,1.28,1.097,0.778,1.123,5.073,3.47,3700.0,0.005
Durham Smythe,TE,CHI,CAR,1.13,1.26,1.108,0.866,1.115,4.994,0.84,2500.0,0.005
Cooper Rush,QB,BAL,IND,1.12,1.26,1.12,0.0,1.125,4.994,2.13,4000.0,0.005
Velus Jones Jr.,WR,SEA,NE,1.11,1.24,1.125,1.0,1.117,4.915,1.29,4000.0,0.005
Jalen Royals,WR,KC,DEN,1.09,1.16,1.09,0.717,1.064,4.598,1.7,3200.0,0.005
Roman Wilson,WR,PIT,ATL,1.08,1.19,1.106,0.846,1.102,4.717,6.11,3100.0,0.005
Tyler Badie,RB,DEN,KC,1.08,1.16,1.077,0.839,1.074,4.598,1.65,4000.0,0.005
Charlie Kolar,TE,BAL,IND,1.07,1.2,1.11,0.879,1.121,4.756,3.23,2500.0,0.005
Ollie Gordon II,RB,MIA,LV,1.07,1.11,1.039,0.733,1.037,4.4,4.35,4500.0,0.005
Arian Smith,WR,NYJ,TEN,1.05,1.2,1.107,0.853,1.143,4.756,1.07,3000.0,0.005
Evan Hull,RB,NO,DET,1.03,1.09,1.061,0.824,1.058,4.32,0.67,4000.0,0.005
Jack Westover,TE,NE,SEA,1.0,1.08,1.114,0.908,1.08,4.281,0.82,2500.0,0.005
James Mitchell,TE,CAR,CHI,0.98,1.09,1.116,0.927,1.112,4.32,1.86,2500.0,0.005
Tip Reiman,TE,ARI,LAC,0.95,1.03,1.109,0.875,1.084,4.082,1.44,2500.0,0.005
Jake Bobo,WR,SEA,NE,0.95,1.04,1.111,0.889,1.095,4.122,2.98,3000.0,0.005
Ashton Dulin,WR,IND,BAL,0.94,1.05,1.101,0.806,1.117,4.162,2.55,3200.0,0.005
Riley Leonard,QB,IND,BAL,0.93,1.15,1.22,0.0,1.237,4.558,10.66,4400.0,0.005
Anthony Richardson,QB,IND,BAL,0.89,1.09,1.22,0.823,1.225,4.32,1.67,4900.0,0.005
Efton Chism III,WR,NE,SEA,0.86,0.92,1.111,0.885,1.07,3.646,3.88,3000.0,0.005
LeQuint Allen Jr.,RB,JAX,CLE,0.84,0.88,1.066,0.84,1.048,3.488,1.03,4300.0,0.005
Nate Adkins,TE,DEN,KC,0.83,0.92,1.113,0.905,1.108,3.646,3.74,2500.0,0.005
Kene Nwangwu,RB,NYJ,TEN,0.79,0.84,1.039,0.746,1.063,3.329,1.08,4000.0,0.005
Dyami Brown,WR,JAX,CLE,0.79,0.83,1.087,0.694,1.051,3.29,5.36,3200.0,0.005
Joshua Dobbs,QB,NE,SEA,0.78,0.92,1.22,0.714,1.179,3.646,0.6,4000.0,0.005
Mitchell Evans,TE,CAR,CHI,0.72,0.8,1.104,0.832,1.111,3.171,3.21,2600.0,0.005
Ben Yurosek,TE,MIN,GB,0.71,0.8,1.111,0.888,1.127,3.171,0.89,2500.0,0.005
Brycen Tremayne,WR,CAR,CHI,0.71,0.79,1.105,0.839,1.113,3.131,2.62,3000.0,0.005
Trent Sherfield,WR,ARI,LAC,0.69,0.75,1.118,0.942,1.087,2.973,1.02,3000.0,0.005
Mason Rudolph,QB,PIT,ATL,0.64,0.72,1.12,0.0,1.125,2.854,4.61,4000.0,0.005
Jalin Hyatt,WR,NYG,DAL,0.64,0.72,1.088,0.703,1.125,2.854,2.21,3000.0,0.005
Tim Patrick,WR,JAX,CLE,0.63,0.67,1.095,0.761,1.063,2.656,5.58,3000.0,0.005
Charlie Woerner,TE,ATL,PIT,0.63,0.7,1.101,0.807,1.111,2.774,1.99,2500.0,0.005
Jackson Hawes,TE,BUF,HOU,0.62,0.65,1.108,0.863,1.048,2.576,2.75,2500.0,0.005
Tahj Brooks,RB,CIN,TB,0.6,0.64,1.057,0.824,1.067,2.537,0.9,4100.0,0.005
Ray-Ray McCloud,WR,NYG,DAL,0.59,0.67,1.1,0.803,1.136,2.656,3.22,3000.0,0.005
Luke Farrell,TE,SF,LA,0.57,0.61,1.111,0.892,1.07,2.418,3.14,2500.0,0.005
David Moore,WR,CAR,CHI,0.56,0.63,1.113,0.904,1.125,2.497,0.79,3000.0,0.005
Jaylin Noel,WR,HOU,BUF,0.54,0.58,1.099,0.788,1.074,2.299,4.8,3600.0,0.005
Kaleb Johnson,RB,PIT,ATL,0.54,0.57,1.061,0.832,1.056,2.259,0.91,4400.0,0.005
Elijah Arroyo,TE,SEA,NE,0.5,0.55,1.102,0.814,1.1,2.18,3.33,2600.0,0.005
Josh Williams,RB,TB,CIN,0.47,0.5,1.046,0.805,1.064,1.982,0.78,4000.0,0.005
Jordan Whittington,WR,LAR,SF,0.44,0.49,1.103,0.821,1.114,1.942,2.26,3500.0,0.005
Patrick Ricard,RB,BAL,IND,0.41,0.45,1.089,0.922,1.098,1.784,0.78,4000.0,0.005
Ke'Shawn Williams,WR,CIN,TB,0.4,0.45,1.12,0.962,1.125,1.784,0.5,3000.0,0.005
Cody White,WR,SEA,NE,0.37,0.41,1.109,0.876,1.108,1.625,4.5,3000.0,0.005
Anthony Gould,WR,IND,BAL,0.37,0.41,1.119,0.952,1.108,1.625,0.53,3000.0,0.005
Eric Saubert,TE,SEA,NE,0.35,0.39,1.104,0.836,1.114,1.546,1.17,2500.0,0.005
Robert Tonyan,TE,KC,DEN,0.35,0.38,1.117,0.934,1.086,1.506,0.78,2500.0,0.005
Tai Felton,WR,MIN,GB,0.34,0.39,1.115,0.922,1.147,1.546,0.83,3000.0,0.005
British Brooks,RB,HOU,BUF,0.34,0.35,1.028,0.734,1.029,1.387,2.1,4000.0,0.005
Savion Williams,WR,GB,MIN,0.34,0.36,1.11,0.879,1.059,1.427,2.5,3200.0,0.005
AJ Dillon,RB,PHI,WAS,0.34,0.37,1.065,0.828,1.088,1.467,0.41,4000.0,0.005
Payne Durham,TE,TB,CIN,0.33,0.38,1.115,0.922,1.152,1.506,0.74,2500.0,0.005
Bryce Oliver,WR,TEN,NYJ,0.33,0.38,1.111,0.887,1.152,1.506,1.27,3000.0,0.005
Reggie Gilliam,RB,BUF,HOU,0.33,0.35,1.088,0.945,1.061,1.387,1.11,4000.0,0.005
Dameon Pierce,RB,KC,DEN,0.32,0.33,1.046,0.772,1.031,1.308,0.88,4000.0,0.005
Jonathan Mingo,WR,DAL,NYG,0.3,0.33,1.121,0.967,1.1,1.308,1.57,3100.0,0.005
Britain Covey,WR,PHI,WAS,0.27,0.31,1.103,0.822,1.148,1.229,1.51,3000.0,0.005
Austin Trammell,WR,JAX,CLE,0.27,0.29,1.093,0.746,1.074,1.149,2.18,3000.0,0.005
Tyler Goodson,RB,IND,BAL,0.24,0.26,1.068,0.861,1.083,1.031,0.58,4000.0,0.005
Tim Jones,WR,JAX,CLE,0.22,0.23,1.114,0.914,1.045,0.912,1.77,3000.0,0.005
Kendall Milton,RB,CIN,TB,0.2,0.22,1.095,1.0,1.1,0.872,8.22,4000.0,0.005
Frank Gore Jr.,RB,BUF,HOU,0.2,0.22,1.095,0.96,1.1,0.872,1.13,4000.0,0.005
Hassan Haskins,RB,LAC,ARI,0.17,0.18,1.053,0.804,1.059,0.713,1.25,4000.0,0.005
Kalel Mullings,RB,TEN,NYJ,0.15,0.17,1.084,0.958,1.133,0.674,0.21,4000.0,0.005
Jared Wiley,TE,KC,DEN,0.15,0.16,1.114,0.912,1.067,0.634,0.99,2500.0,0.005
Colson Yankoff,TE,WAS,PHI,0.15,0.16,1.116,0.926,1.067,0.634,0.84,2500.0,0.005
Derius Davis,WR,LAC,ARI,0.14,0.15,1.117,0.939,1.071,0.595,0.58,3000.0,0.005
Roschon Johnson,RB,CHI,CAR,0.14,0.15,1.087,0.967,1.071,0.595,0.47,4000.0,0.005
Pharaoh Brown,TE,ARI,LAC,0.13,0.14,1.113,0.906,1.077,0.555,0.94,2500.0,0.005
DeeJay Dallas,RB,JAX,CLE,0.12,0.13,1.08,0.916,1.083,0.515,0.94,4000.0,0.005
Jalen Brooks,WR,ARI,LAC,0.12,0.13,1.105,0.838,1.083,0.515,2.36,3000.0,0.005
Chris Manhertz,TE,NYG,DAL,0.09,0.1,1.116,0.925,1.111,0.396,0.85,2500.0,0.005
Jaylin Lane,WR,WAS,PHI,0.08,0.08,1.092,0.735,1.0,0.317,2.71,3100.0,0.005
Trevor Etienne,RB,CAR,CHI,0.08,0.08,1.06,0.833,1.0,0.317,1.19,4500.0,0.005
Xavier Smith,WR,LAR,SF,0.07,0.08,1.101,0.805,1.143,0.317,3.61,3000.0,0.005
Skyy Moore,WR,SF,LA,0.07,0.08,1.116,0.926,1.143,0.317,1.24,3000.0,0.005
Carter Runyon,TE,LV,MIA,0.06,0.06,1.108,0.864,1.0,0.238,0.75,2500.0,0.005
Zach Wilson,QB,MIA,LV,0.06,0.07,1.12,0.543,1.167,0.277,0.83,4000.0,0.005
Dylan Drummond,WR,ATL,PIT,0.06,0.06,1.084,0.672,1.0,0.238,2.44,3000.0,0.005
Braxton Berrios,WR,HOU,BUF,0.04,0.04,1.096,0.765,1.0,0.159,3.85,3000.0,0.005
Nick Westbrook-Ikhine,WR,MIA,LV,0.04,0.04,1.101,0.808,1.0,0.159,1.77,3700.0,0.005
Blake Whiteheart,TE,CLE,JAX,0.03,0.03,1.114,0.914,1.0,0.119,0.54,2500.0,0.005
Alex Bachman,WR,LV,MIA,0.03,0.04,1.117,0.933,1.333,0.159,0.66,3000.0,0.005
Ronnie Rivers,RB,LAR,SF,0.02,0.02,1.058,0.833,1.0,0.079,1.36,4000.0,0.005
Tylan Wallace,WR,BAL,IND,0.02,0.02,1.111,0.885,1.0,0.079,3.15,3000.0,0.005
Ryan Miller,WR,TB,CIN,0.01,0.0,1.117,0.937,0.0,0.0,3.01,3000.0,0.005
Dylan Laube,RB,LV,MIA,0.01,0.01,1.065,0.843,1.0,0.04,0.93,4000.0,0.005
Craig Reynolds,RB,DET,NO,0.01,0.01,1.073,0.911,1.0,0.04,0.18,4000.0,0.005
Ben Skowronek,WR,PIT,ATL,0.01,0.01,1.116,0.926,1.0,0.04,2.35,3000.0,0.005
Deven Thompkins,WR,ATL,PIT,0.01,0.01,1.112,0.897,1.0,0.04,1.8,3000.0,0.005
KhaDarel Hodge,WR,ATL,PIT,0.01,0.01,1.079,0.631,1.0,0.04,2.16,3000.0,0.005
Julius Chestnut,RB,TEN,NYJ,0.01,0.01,1.076,0.898,1.0,0.04,0.64,4000.0,0.005
E.J. Jenkins,TE,PHI,WAS,0.0,0.0,1.125,1.0,1.0,0.0,6.09,2500.0,0.005
Justin Shorter,TE,LV,MIA,0.0,0.0,1.125,1.0,1.0,0.0,0.0,3000.0,0.005
Princeton Fant,TE,DAL,NYG,0.0,0.0,1.125,1.0,1.0,0.0,6.09,2500.0,0.005
Nick Kallerup,TE,SEA,NE,0.0,0.0,1.104,0.833,1.0,0.0,0.0,2500.0,0.005
Thomas Fidone II,TE,NYG,DAL,0.0,0.0,1.125,1.0,1.0,0.0,6.09,2500.0,0.005
Cameron Latu,TE,PHI,WAS,0.0,0.0,1.125,1.0,1.0,0.0,0.0,2500.0,0.005
Brayden Willis,TE,SF,LA,0.0,0.0,1.119,0.956,1.0,0.0,0.0,2500.0,0.005
Teagan Quitoriano,TE,ATL,PIT,0.0,0.0,1.125,1.0,1.0,0.0,0.0,2500.0,0.005
Ko Kieft,TE,TB,CIN,0.0,0.0,1.125,1.0,1.0,0.0,0.0,2500.0,0.005
Feleipe Franks,TE,ATL,PIT,0.0,0.0,1.125,1.0,1.0,0.0,0.08,2500.0,0.005
Nikola Kalinic,TE,CHI,CAR,0.0,0.0,1.125,1.0,1.0,0.0,0.0,2500.0,0.005
Simi Fehoko,WR,ARI,LAC,0.0,0.0,1.125,1.0,1.0,0.0,0.0,3000.0,0.005
Hayden Rucci,TE,MIA,LV,0.0,0.0,1.125,1.0,1.0,0.0,6.09,2500.0,0.005
Jarquez Hunter,RB,LAR,SF,0.0,0.0,1.095,1.0,1.0,0.0,8.22,4000.0,0.005
Brady Russell,RB,SEA,NE,0.0,0.0,1.095,0.983,1.0,0.0,0.0,4000.0,0.005
Dalevon Campbell,WR,CAR,CHI,0.0,0.0,1.125,1.0,1.0,0.0,7.32,3000.0,0.005
Chris Blair,WR,ATL,PIT,0.0,0.0,1.125,1.0,1.0,0.0,7.32,3000.0,0.005
Devin Duvernay,WR,CHI,CAR,0.0,0.0,1.114,0.915,1.0,0.0,0.81,3000.0,0.005
Myles Price,WR,MIN,GB,0.0,0.0,1.125,1.0,1.0,0.0,0.0,3000.0,0.005
Dalen Cambre,WR,NYG,DAL,0.0,0.0,1.125,1.0,1.0,0.0,0.0,3000.0,0.005
Kameron Johnson,WR,TB,CIN,0.0,0.0,1.104,0.831,1.0,0.0,3.97,3000.0,0.005
LaJohntay Wester,WR,BAL,IND,0.0,0.0,1.125,1.0,1.0,0.0,0.0,3000.0,0.005
Jeshaun Jones,WR,MIN,GB,0.0,0.0,1.125,1.0,1.0,0.0,7.32,3000.0,0.005
Coleman Owen,WR,IND,BAL,0.0,0.0,1.115,0.921,1.0,0.0,0.0,3000.0,0.005
Dareke Young,WR,SEA,NE,0.0,0.0,1.116,0.924,1.0,0.0,1.48,3000.0,0.005
Kaden Davis,WR,CLE,JAX,0.0,0.0,1.125,1.0,1.0,0.0,7.32,3000.0,0.005
Charlie Jones,WR,CIN,TB,0.0,0.0,1.121,0.969,1.0,0.0,0.0,3000.0,0.005
Jalen Moreno-Cropper,WR,DAL,NYG,0.0,0.0,1.125,1.0,1.0,0.0,0.0,3000.0,0.005
Tom Kennedy,WR,DET,NO,0.0,0.0,1.095,0.758,1.0,0.0,3.1,3000.0,0.005
Laquon Treadwell,WR,IND,BAL,0.0,0.0,1.125,1.0,1.0,0.0,0.0,3000.0,0.005
River Cracraft,WR,WAS,PHI,0.0,0.0,1.125,1.0,1.0,0.0,0.0,3000.0,0.005
Nikko Remigio,WR,KC,DEN,0.0,0.0,1.12,0.963,1.0,0.0,0.86,3000.0,0.005
Dominic Lovett,WR,DET,NO,0.0,0.0,1.125,1.0,1.0,0.0,0.0,3000.0,0.005
Jacob Saylors,RB,DET,NO,0.0,0.0,1.085,0.958,1.0,0.0,0.33,4000.0,0.005
Isaac Guerendo,RB,SF,LA,0.0,0.0,1.095,1.0,1.0,0.0,0.0,4000.0,0.005
Travis Homer,RB,CHI,CAR,-0.0,-0.0,1.09,0.982,1.0,-0.0,0.07,4000.0,0.005
Sione Vaki,RB,DET,NO,0.0,0.0,1.09,0.979,1.0,0.0,0.14,4000.0,0.005
Lew Nichols III,RB,PIT,ATL,0.0,0.0,1.095,1.0,1.0,0.0,8.22,4000.0,0.005
Robbie Ouzts,RB,SEA,NE,0.0,0.0,1.095,0.944,1.0,0.0,0.0,4000.0,0.005
Trey Sermon,RB,PIT,ATL,0.0,0.0,1.095,1.0,1.0,0.0,0.0,4000.0,0.005
Drew Lock,QB,SEA,NE,-0.04,-0.05,1.22,0.67,1.25,-0.198,0.45,4000.0,0.005
Kedon Slovis,QB,ARI,LAC,-0.04,-0.04,1.12,0.994,1.0,-0.159,0.06,4000.0,0.005
Nick Mullens,QB,JAX,CLE,-0.05,-0.06,1.32,0.88,1.2,-0.238,0.33,4000.0,0.005
Kyle Allen,QB,DET,NO,-0.12,-0.13,1.12,0.838,1.083,-0.515,0.07,4000.0,0.005
Jalen Milroe,QB,SEA,NE,-0.91,-1.02,1.12,1.0,1.121,-4.043,1.27,4000.0,0.005
