Player,Position,Team,Opponent,Projection,Ceiling,Ceiling_Mult,Usage_Stability,Ceiling_Ratio,Leverage,StdDev,Salary,Ownership,Game_ID,Simulated_Mean,Simulated_Median,Simulated_85th,Ceiling_95th,Ceiling_99th,Boom_Percentage
Zay Flowers,WR,BAL,IND,31.89,50.46,1.578,0.622,1.582,20.505,7.48,6400.0,0.0488,BAL_IND,31.93,31.99,39.64,44.16,49.09,82.3
Ja'Marr Chase,WR,CIN,TB,26.72,42.08,1.569,0.555,1.575,86.856,10.26,7800.0,0.0096,CIN_TB,26.91,26.92,37.46,44.0,50.73,57.36
Puka Nacua,WR,LAR,SF,26.93,42.96,1.583,0.664,1.595,54.456,10.29,7700.0,0.0156,LAR_SF,27.06,27.03,37.81,43.76,51.1,57.9
Chris Olave,WR,NO,DET,29.63,47.12,1.592,0.734,1.59,26.502,7.85,6700.0,0.0352,DET_NO,29.55,29.49,37.86,42.59,48.23,71.72
Bijan Robinson,RB,ATL,PIT,23.95,36.13,1.508,0.542,1.509,23.596,10.36,7700.0,0.0303,ATL_PIT,23.89,23.69,34.8,41.13,48.71,45.34
Michael Wilson,WR,ARI,LAC,23.51,32.84,1.426,0.611,1.397,21.73,10.6,5300.0,0.03,ARI_LAC,23.51,23.56,34.29,40.06,47.69,44.800000000000004
Jaxson Dart,QB,NYG,DAL,22.79,34.03,1.45,0.0,1.493,37.466,10.29,5600.0,0.018,DAL_NYG,22.8,22.75,33.48,40.02,46.64,41.620000000000005
Malik Willis,QB,GB,MIN,17.08,23.86,1.45,0.0,1.397,94.57,13.52,5300.0,0.005,GB_MIN,17.99,17.34,31.51,39.64,47.19,28.720000000000002
Jahmyr Gibbs,RB,DET,NO,17.11,25.65,1.516,0.611,1.499,101.665,13.53,8000.0,0.005,DET_NO,17.79,17.01,31.14,39.57,49.0,28.199999999999996
Brock Bowers,TE,LV,MIA,21.76,32.13,1.44,0.723,1.477,103.856,10.23,6900.0,0.0061,LV_MIA,21.78,21.57,32.42,38.59,45.73,36.919999999999995
Amon-Ra St. Brown,WR,DET,NO,19.49,30.52,1.569,0.551,1.566,120.967,10.93,7500.0,0.005,DET_NO,19.91,19.72,30.59,37.58,45.59,31.419999999999998
Wan'Dale Robinson,WR,NYG,DAL,24.48,39.75,1.576,0.605,1.624,13.73,8.19,4800.0,0.0574,DAL_NYG,24.33,24.41,32.76,37.53,42.45,46.739999999999995
Malik Nabers,WR,NYG,DAL,11.0,14.45,1.275,0.601,1.314,57.273,16.12,6800.0,0.005,DAL_NYG,13.21,10.47,27.71,37.44,48.25,19.24
Christian McCaffrey,RB,SF,LA,23.17,31.35,1.373,0.632,1.353,24.087,8.33,7500.0,0.0258,LA_SF,23.33,23.36,31.88,36.82,41.96,41.88
Cam Skattebo,RB,NYG,DAL,21.91,27.37,1.22,0.478,1.249,15.194,8.74,5800.0,0.0357,DAL_NYG,22.14,22.19,31.27,36.65,42.3,37.3
Joe Burrow,QB,CIN,TB,21.76,26.65,1.22,0.01,1.225,105.628,8.54,6900.0,0.005,CIN_TB,21.79,21.87,30.87,36.42,41.4,35.32
Jonathan Taylor,RB,IND,BAL,15.73,21.29,1.358,0.622,1.353,84.384,12.35,7300.0,0.005,BAL_IND,16.21,15.6,28.62,36.26,44.73,22.32
Jameis Winston,QB,NYG,DAL,7.82,9.84,1.22,0.0,1.258,39.001,16.83,4000.0,0.005,DAL_NYG,11.55,8.04,25.69,35.64,46.24,15.879999999999999
Tyler Shough,QB,NO,DET,22.2,32.16,1.45,0.0,1.449,41.656,7.55,5600.0,0.0153,DET_NO,22.14,22.13,30.01,34.6,40.12,35.72
Chase Brown,RB,CIN,TB,21.45,28.82,1.35,0.539,1.344,30.648,7.49,7100.0,0.0186,CIN_TB,21.51,21.4,29.48,34.15,38.65,31.619999999999997
Alec Pierce,WR,IND,BAL,20.01,25.93,1.286,0.69,1.296,87.15,8.3,5700.0,0.0059,BAL_IND,20.08,20.09,28.65,33.68,38.94,27.42
Derrick Henry,RB,BAL,IND,17.31,23.85,1.379,0.745,1.378,67.249,10.0,6700.0,0.007,BAL_IND,17.33,17.22,27.35,33.67,40.39,21.240000000000002
Josh Allen,QB,BUF,HOU,17.31,23.85,1.45,0.826,1.378,94.53,9.69,7000.0,0.005,BUF_HOU,17.39,17.23,27.43,33.15,39.53,21.36
Justin Fields,QB,NYJ,TEN,17.13,25.58,1.45,0.0,1.493,38.98,9.85,4500.0,0.013,NYJ_TEN,17.25,17.19,27.0,33.07,40.38,20.72
Lamar Jackson,QB,BAL,IND,18.4,24.35,1.32,0.327,1.323,96.512,8.83,6800.0,0.005,BAL_IND,18.43,18.37,27.36,32.71,38.62,22.36
Cade Otton,TE,TB,CIN,22.72,33.36,1.429,0.632,1.468,29.383,5.98,3700.0,0.0225,CIN_TB,22.79,22.9,29.02,32.63,36.3,35.839999999999996
Jalen Coker,WR,CAR,CHI,19.07,27.36,1.432,0.653,1.435,21.299,8.07,4600.0,0.0255,CAR_CHI,19.15,19.16,27.3,32.56,38.93,22.88
Matthew Stafford,QB,LAR,SF,21.77,26.76,1.22,1.0,1.229,78.118,6.76,6200.0,0.0068,LAR_SF,21.76,21.85,28.68,32.49,37.44,31.0
Tee Higgins,WR,CIN,TB,19.57,25.37,1.291,0.731,1.296,100.555,7.91,6300.0,0.005,CIN_TB,19.57,19.62,27.81,32.35,37.98,24.8
Trevor Lawrence,QB,JAX,CLE,18.85,26.5,1.45,0.935,1.406,91.01,8.32,5800.0,0.0058,CLE_JAX,18.72,18.65,27.15,32.25,37.97,21.560000000000002
Kenneth Walker III,RB,SEA,NE,18.39,27.67,1.513,0.646,1.505,34.618,8.36,6500.0,0.0158,NE_SEA,18.41,18.24,27.03,32.09,37.83,21.26
Trey McBride,TE,ARI,LAC,17.95,28.1,1.598,0.783,1.565,111.375,8.37,6800.0,0.005,ARI_LAC,18.14,18.03,26.83,31.99,37.5,21.099999999999998
Ashton Jeanty,RB,LV,MIA,17.45,26.82,1.515,0.587,1.537,46.442,8.69,6600.0,0.0114,LV_MIA,17.5,17.41,26.72,31.91,37.74,19.74
Justin Herbert,QB,LAC,ARI,18.68,27.58,1.45,0.687,1.476,109.314,7.76,6100.0,0.005,ARI_LAC,18.82,18.88,26.75,31.78,36.9,21.4
Tyrone Tracy Jr.,RB,NYG,DAL,18.73,23.52,1.226,0.583,1.256,11.098,7.66,4800.0,0.042,DAL_NYG,18.79,18.61,26.78,31.59,36.9,21.3
Theo Wease Jr.,WR,MIA,LV,24.44,31.68,1.28,0.636,1.296,9.301,4.19,3000.0,0.0675,LV_MIA,24.41,24.44,28.72,31.47,34.12,44.3
De'Von Achane,RB,MIA,LV,19.96,26.92,1.35,0.518,1.349,39.623,7.02,7000.0,0.0135,LV_MIA,19.85,19.8,27.14,31.39,36.42,23.24
Ryan Flournoy,WR,DAL,NYG,19.14,24.14,1.27,0.564,1.261,11.541,7.23,3900.0,0.0415,DAL_NYG,19.18,19.27,26.56,31.34,35.61,20.84
Drake London,WR,ATL,PIT,13.19,18.86,1.419,0.552,1.43,74.752,11.35,6500.0,0.005,ATL_PIT,13.94,13.43,24.76,31.3,39.29,14.399999999999999
Caleb Williams,QB,CHI,CAR,18.77,25.02,1.32,0.891,1.333,99.168,7.53,6300.0,0.005,CAR_CHI,18.86,18.8,26.52,31.02,36.71,21.099999999999998
Brock Purdy,QB,SF,LA,15.43,21.69,1.45,0.843,1.406,85.969,9.91,5700.0,0.005,LA_SF,15.65,15.39,25.63,30.93,38.12,16.259999999999998
Parker Washington,WR,JAX,CLE,17.77,27.04,1.57,0.558,1.522,106.918,8.06,5600.0,0.005,CLE_JAX,17.63,17.67,26.01,30.87,35.87,18.360000000000003
Dallas Goedert,TE,PHI,WAS,18.73,27.37,1.424,0.595,1.461,28.361,7.15,4100.0,0.0191,PHI_WAS,18.76,18.73,26.28,30.48,35.7,19.3
Bo Nix,QB,DEN,KC,17.75,25.46,1.45,0.975,1.434,100.912,7.5,5800.0,0.005,DEN_KC,17.87,17.93,25.65,30.16,34.97,17.1
Bryce Young,QB,CAR,CHI,18.33,26.62,1.45,0.741,1.452,47.723,7.14,5200.0,0.0111,CAR_CHI,18.23,18.25,25.63,30.05,34.66,17.04
Kyle Pitts,TE,ATL,PIT,13.79,20.01,1.44,0.719,1.451,79.31,9.94,4700.0,0.005,ATL_PIT,14.22,14.0,24.21,29.96,36.19,13.22
Jalen Hurts,QB,PHI,WAS,18.04,26.84,1.45,0.838,1.488,106.381,7.04,6600.0,0.005,PHI_WAS,18.11,18.03,25.34,29.94,34.92,16.24
A.J. Brown,WR,PHI,WAS,14.13,20.58,1.419,0.55,1.456,81.57,9.7,7100.0,0.005,PHI_WAS,14.24,13.87,24.0,29.82,36.84,12.8
Baker Mayfield,QB,TB,CIN,20.55,27.87,1.32,0.572,1.356,58.781,5.71,5900.0,0.0094,CIN_TB,20.56,20.49,26.38,29.79,33.85,21.4
Jacoby Brissett,QB,ARI,LAC,17.12,22.14,1.32,0.0,1.293,87.753,7.77,5100.0,0.005,ARI_LAC,17.18,17.35,25.02,29.53,34.42,15.14
Colston Loveland,TE,CHI,CAR,14.71,23.42,1.576,0.611,1.592,92.826,8.43,5300.0,0.005,CAR_CHI,14.94,14.6,23.8,29.21,34.81,12.16
Rhamondre Stevenson,RB,NE,SEA,14.2,16.85,1.231,0.648,1.187,66.786,8.84,5700.0,0.005,NE_SEA,14.43,14.29,23.41,28.73,35.06,11.24
Kyren Williams,RB,LAR,SF,18.7,25.65,1.362,0.651,1.372,23.185,6.26,6200.0,0.0219,LAR_SF,18.63,18.59,25.19,28.68,32.45,15.840000000000002
Kenny Gainwell,RB,PIT,ATL,13.39,15.11,1.123,0.572,1.128,58.969,9.16,5200.0,0.0051,ATL_PIT,13.75,13.41,23.09,28.52,34.99,10.4
Breece Hall,RB,NYJ,TEN,15.81,21.88,1.359,0.62,1.384,72.581,7.62,6200.0,0.006,NYJ_TEN,15.76,15.72,23.45,28.04,33.4,10.54
Romeo Doubs,WR,GB,MIN,13.93,19.22,1.431,0.647,1.38,76.179,8.08,4600.0,0.005,GB_MIN,14.3,14.0,22.77,27.76,33.32,9.86
Patrick Mahomes,QB,KC,DEN,14.69,18.98,1.32,0.838,1.292,75.228,7.77,5500.0,0.005,DEN_KC,14.9,14.84,22.73,27.58,33.36,9.139999999999999
Jaxon Smith-Njigba,WR,SEA,NE,13.11,20.45,1.568,0.548,1.56,81.054,8.28,7600.0,0.005,NE_SEA,13.52,13.39,21.82,27.13,32.15,8.16
Harold Fannin Jr.,TE,CLE,JAX,17.83,21.69,1.28,0.637,1.216,26.442,5.73,4200.0,0.0163,CLE_JAX,17.73,17.74,23.72,27.07,31.02,10.24
Davante Adams,WR,LAR,SF,15.67,20.38,1.291,0.727,1.301,80.777,6.87,6200.0,0.005,LAR_SF,15.65,15.63,22.77,27.04,32.22,8.7
Justin Jefferson,WR,MIN,GB,17.11,27.65,1.595,0.76,1.616,109.592,5.79,7300.0,0.005,GB_MIN,17.21,17.13,23.16,26.8,30.7,8.76
J.J. McCarthy,QB,MIN,GB,13.95,18.67,1.32,0.438,1.338,73.999,7.85,4500.0,0.005,GB_MIN,14.0,13.83,22.12,26.6,31.13,7.68
DJ Moore,WR,CHI,CAR,13.01,17.12,1.303,0.828,1.316,67.856,8.06,5600.0,0.005,CAR_CHI,13.21,12.92,21.58,26.6,31.55,7.08
Rashee Rice,WR,KC,DEN,13.15,20.56,1.597,0.774,1.563,81.49,7.95,6500.0,0.005,DEN_KC,13.33,13.1,21.74,26.58,31.68,7.340000000000001
Cam Ward,QB,TEN,NYJ,17.97,22.58,1.22,0.118,1.257,56.028,5.29,5100.0,0.008,NYJ_TEN,18.0,18.04,23.49,26.49,29.98,9.24
Jared Goff,QB,DET,NO,14.87,16.62,1.12,0.927,1.118,65.874,7.05,6000.0,0.005,DET_NO,14.82,14.8,21.85,26.42,31.13,7.32
Dak Prescott,QB,DAL,NYG,12.91,15.64,1.22,0.469,1.211,61.99,8.18,6400.0,0.005,DAL_NYG,13.1,12.86,21.39,26.34,31.8,7.04
Kirk Cousins,QB,ATL,PIT,13.43,16.5,1.22,0.0,1.229,65.398,7.98,5000.0,0.005,ATL_PIT,13.39,13.15,21.67,26.29,31.96,7.06
DeVonta Smith,WR,PHI,WAS,14.02,20.44,1.421,0.568,1.458,81.015,7.6,6600.0,0.005,PHI_WAS,13.87,13.77,21.58,26.16,30.88,6.800000000000001
Jameson Williams,WR,DET,NO,11.64,14.84,1.278,0.628,1.275,58.819,8.96,6000.0,0.005,DET_NO,11.74,11.23,20.43,26.16,33.09,6.52
Mitchell Trubisky,QB,BUF,HOU,4.88,5.66,1.22,0.0,1.16,22.434,13.06,4000.0,0.005,BUF_HOU,7.83,4.62,18.01,26.14,35.1,6.1
Shedeur Sanders,QB,CLE,JAX,9.41,11.81,1.32,0.461,1.255,46.809,9.84,4700.0,0.005,CLE_JAX,10.44,9.68,19.75,25.68,32.1,5.84
Tucker Kraft,TE,GB,MIN,9.47,11.66,1.277,0.616,1.231,46.215,9.87,4500.0,0.005,GB_MIN,10.28,9.42,19.67,25.58,32.6,5.66
Devaughn Vele,WR,NO,DET,14.11,18.09,1.284,0.676,1.282,19.491,6.8,3500.0,0.0184,DET_NO,14.18,14.14,21.3,25.54,29.88,5.84
James Cook,RB,BUF,HOU,10.52,13.85,1.35,0.584,1.317,54.895,9.04,7200.0,0.005,BUF_HOU,10.86,10.19,19.61,25.37,30.6,5.64
RJ Harvey,RB,DEN,KC,13.42,16.24,1.22,0.5,1.21,64.368,7.24,5400.0,0.005,DEN_KC,13.38,13.39,20.73,25.36,29.18,5.7
Geno Smith,QB,LV,MIA,14.27,17.84,1.22,0.637,1.25,70.709,6.74,4600.0,0.005,LV_MIA,14.23,14.11,21.32,25.34,29.89,5.58
Sam Darnold,QB,SEA,NE,12.84,15.59,1.22,0.871,1.214,61.792,7.82,5400.0,0.005,NE_SEA,12.78,12.55,20.81,25.33,30.48,5.4
Tua Tagovailoa,QB,MIA,LV,14.14,17.47,1.22,0.63,1.236,69.243,6.82,4800.0,0.005,LV_MIA,14.17,14.08,21.27,25.33,29.99,5.52
Michael Penix Jr.,QB,ATL,PIT,12.84,15.78,1.22,0.367,1.229,62.545,7.21,4800.0,0.005,ATL_PIT,12.82,12.77,20.05,24.81,30.01,4.66
Saquon Barkley,RB,PHI,WAS,13.36,18.68,1.369,0.628,1.398,74.039,6.87,6900.0,0.005,PHI_WAS,13.49,13.5,20.5,24.76,29.64,4.6
Jordan Love,QB,GB,MIN,12.06,14.19,1.22,0.542,1.177,56.243,7.71,5700.0,0.005,GB_MIN,12.03,11.78,19.8,24.74,30.41,4.8
Quentin Johnston,WR,LAC,ARI,12.25,16.07,1.289,0.709,1.312,63.694,7.48,4700.0,0.005,ARI_LAC,12.45,12.24,20.2,24.64,29.88,4.4799999999999995
Mike Evans,WR,TB,CIN,15.02,19.52,1.266,0.529,1.3,77.368,5.8,6100.0,0.005,CIN_TB,15.03,14.94,21.14,24.55,28.11,4.06
Rico Dowdle,RB,CAR,CHI,8.22,10.06,1.22,0.446,1.224,39.873,9.81,5200.0,0.005,CAR_CHI,9.47,8.39,18.62,24.41,31.39,4.34
George Pickens,WR,DAL,NYG,8.4,10.73,1.287,0.698,1.277,42.529,9.67,6400.0,0.005,DAL_NYG,9.56,8.48,18.63,24.39,31.04,4.4799999999999995
Travis Etienne,RB,JAX,CLE,12.79,17.36,1.385,0.741,1.357,68.807,6.98,5900.0,0.005,CLE_JAX,12.77,12.7,19.97,24.1,28.31,3.7600000000000002
D'Andre Swift,RB,CHI,CAR,13.27,16.84,1.257,0.733,1.269,66.746,6.51,6100.0,0.005,CAR_CHI,13.45,13.48,20.18,24.1,28.48,3.56
Davis Mills,QB,HOU,BUF,7.84,9.31,1.22,0.0,1.188,36.901,9.75,4200.0,0.005,BUF_HOU,8.85,7.47,17.7,23.93,30.24,3.88
Daniel Jones,QB,IND,BAL,12.96,15.92,1.22,0.113,1.228,63.099,6.62,5400.0,0.005,BAL_IND,13.09,13.04,19.86,23.89,28.48,3.7800000000000002
Sam LaPorta,TE,DET,NO,13.31,17.26,1.299,0.793,1.297,68.411,6.45,4400.0,0.005,DET_NO,13.39,13.38,19.85,23.84,28.71,3.46
Josh Jacobs,RB,GB,MIN,8.53,11.25,1.35,0.454,1.319,44.59,9.0,6300.0,0.005,GB_MIN,9.4,8.56,17.97,23.51,29.69,3.44
Marvin Mims Jr.,WR,DEN,KC,12.08,15.46,1.293,0.743,1.28,27.124,6.8,3200.0,0.0113,DEN_KC,12.2,11.94,19.21,23.49,28.2,3.2399999999999998
Garrett Wilson,WR,NYJ,TEN,7.53,12.22,1.574,0.594,1.623,48.434,9.66,5800.0,0.005,NYJ_TEN,8.61,7.36,17.47,23.48,29.54,3.46
Tory Horton,WR,SEA,NE,10.52,12.49,1.193,0.741,1.187,49.505,7.93,3400.0,0.005,NE_SEA,10.87,10.59,18.75,23.42,29.19,3.2399999999999998
Christian Watson,WR,GB,MIN,11.45,14.17,1.284,0.67,1.238,56.163,7.28,5900.0,0.005,GB_MIN,11.57,11.41,18.72,23.38,28.69,3.06
Omarion Hampton,RB,LAC,ARI,8.78,10.83,1.22,0.37,1.233,42.925,9.0,6800.0,0.005,ARI_LAC,9.41,8.55,18.12,23.38,29.12,3.44
Tre Tucker,WR,LV,MIA,8.93,11.78,1.287,0.695,1.319,46.69,8.94,4000.0,0.005,LV_MIA,9.68,9.0,17.92,23.36,29.99,3.26
Tetairoa McMillan,WR,CAR,CHI,11.59,14.92,1.285,0.679,1.287,59.136,6.86,6100.0,0.005,CAR_CHI,11.69,11.59,18.58,22.75,27.66,2.44
Drake Maye,QB,NE,SEA,14.8,20.75,1.45,0.792,1.402,82.243,4.87,6000.0,0.005,NE_SEA,14.82,14.76,19.92,22.73,26.44,1.94
Colby Parkinson,TE,LAR,SF,11.53,13.91,1.197,0.775,1.206,52.897,6.58,3500.0,0.0052,LAR_SF,11.79,11.62,18.64,22.38,26.97,2.1
Javonte Williams,RB,DAL,NYG,12.35,15.43,1.228,0.623,1.249,61.157,6.02,6300.0,0.005,DAL_NYG,12.48,12.45,18.66,22.33,26.58,1.92
Christian Kirk,WR,HOU,BUF,8.83,11.12,1.293,0.745,1.259,44.075,7.78,3000.0,0.005,BUF_HOU,9.49,8.93,17.09,22.18,27.76,2.22
Courtland Sutton,WR,DEN,KC,10.51,13.4,1.289,0.711,1.275,53.111,7.07,6000.0,0.005,DEN_KC,10.66,10.39,17.74,22.06,27.06,1.8800000000000001
Devin Singletary,RB,NYG,DAL,11.46,13.25,1.129,0.644,1.156,26.993,6.26,4000.0,0.0097,DAL_NYG,11.45,11.36,18.02,21.79,25.83,1.46
George Kittle,TE,SF,LA,7.06,8.78,1.283,0.666,1.244,34.8,8.73,4800.0,0.005,LA_SF,8.2,7.24,16.17,21.58,27.82,1.96
Chuba Hubbard,RB,CAR,CHI,10.59,12.97,1.22,0.586,1.225,51.407,6.6,5500.0,0.005,CAR_CHI,10.73,10.44,17.46,21.52,25.85,1.52
Aidan O'Connell,QB,LV,MIA,6.02,6.92,1.12,1.0,1.15,27.428,9.24,4000.0,0.005,LV_MIA,7.51,5.98,15.87,21.41,27.13,1.94
Bucky Irving,RB,TB,CIN,12.47,17.51,1.376,0.712,1.404,69.402,5.61,5700.0,0.005,CIN_TB,12.52,12.6,18.27,21.41,25.26,1.1199999999999999
Quinn Ewers,QB,MIA,LV,12.19,15.05,1.22,0.0,1.235,59.651,5.58,4000.0,0.005,LV_MIA,12.17,12.11,17.88,21.32,24.78,0.88
Chris Godwin Jr.,WR,TB,CIN,10.75,13.11,1.187,0.699,1.22,51.962,6.58,5200.0,0.005,CIN_TB,10.87,10.78,17.44,21.18,25.17,1.16
Juwan Johnson,TE,NO,DET,12.83,15.34,1.198,0.781,1.196,42.147,4.82,3700.0,0.0072,DET_NO,12.85,12.82,17.91,21.05,24.2,0.62
Jacory Croskey-Merritt,RB,WAS,PHI,9.16,10.96,1.225,0.661,1.197,43.44,7.47,5300.0,0.005,PHI_WAS,9.46,9.16,16.57,20.94,26.93,1.6199999999999999
Josh Johnson,QB,WAS,PHI,7.45,9.34,1.32,0.0,1.254,37.019,8.01,4000.0,0.005,PHI_WAS,8.28,7.53,16.01,20.91,25.35,1.2
Darren Waller,TE,MIA,LV,5.66,7.36,1.284,0.669,1.3,29.172,8.91,3200.0,0.005,LV_MIA,7.06,5.57,15.05,20.85,26.86,1.7999999999999998
Jalen McMillan,WR,TB,CIN,8.55,9.55,1.089,0.713,1.117,37.852,7.44,4400.0,0.005,CIN_TB,8.98,8.51,16.58,20.79,25.26,1.16
C.J. Stroud,QB,HOU,BUF,10.48,12.45,1.22,0.217,1.188,49.346,6.28,5200.0,0.005,BUF_HOU,10.67,10.62,16.89,20.71,25.54,1.08
Kevin Austin Jr.,WR,NO,DET,11.17,14.25,1.277,0.614,1.276,34.603,5.63,3000.0,0.0082,DET_NO,11.16,11.08,16.88,20.68,24.6,0.9199999999999999
Elic Ayomanor,WR,TEN,NYJ,13.79,20.41,1.437,0.695,1.48,18.692,4.24,3600.0,0.0216,NYJ_TEN,13.8,13.84,18.26,20.64,23.43,0.33999999999999997
Aaron Rodgers,QB,PIT,ATL,9.25,10.35,1.12,0.495,1.119,41.023,6.69,5300.0,0.005,ATL_PIT,9.6,9.35,16.41,20.63,24.98,1.0
Jaylen Warren,RB,PIT,ATL,10.68,14.53,1.354,0.583,1.36,57.59,5.76,5400.0,0.005,ATL_PIT,10.69,10.64,16.59,20.45,24.51,0.7799999999999999
Terry McLaurin,WR,WAS,PHI,11.85,16.22,1.441,0.728,1.369,64.289,5.1,5700.0,0.005,PHI_WAS,11.92,11.84,17.19,20.24,23.46,0.4
Kyler Murray,QB,ARI,LAC,17.04,24.21,1.45,0.944,1.421,95.957,1.93,5500.0,0.005,ARI_LAC,17.02,17.01,19.04,20.19,21.33,0.0
Tony Pollard,RB,TEN,NYJ,10.61,14.72,1.366,0.668,1.387,58.343,5.62,5600.0,0.005,NYJ_TEN,10.73,10.66,16.49,20.1,24.14,0.7000000000000001
Nico Collins,WR,HOU,BUF,9.55,11.96,1.286,0.687,1.252,47.404,6.61,7000.0,0.005,BUF_HOU,9.73,9.69,16.12,20.07,24.69,0.88
Jayden Daniels,QB,WAS,PHI,10.13,13.95,1.45,0.503,1.377,55.291,6.02,6500.0,0.005,PHI_WAS,10.13,10.0,16.27,20.04,24.01,0.6
Woody Marks,RB,HOU,BUF,8.99,12.2,1.35,0.478,1.357,48.355,6.93,5000.0,0.005,BUF_HOU,9.41,9.21,16.12,20.04,25.08,1.06
Dalton Kincaid,TE,BUF,HOU,8.79,9.97,1.194,0.755,1.134,39.516,6.58,4600.0,0.005,BUF_HOU,9.16,8.87,15.77,20.02,24.57,0.88
Daniel Bellinger,TE,NYG,DAL,10.95,12.49,1.107,0.854,1.141,17.913,5.37,2700.0,0.0138,DAL_NYG,11.01,11.02,16.72,20.02,23.81,0.54
Joe Flacco,QB,CIN,TB,3.17,3.88,1.22,0.0,1.224,15.379,10.24,4400.0,0.005,CIN_TB,5.89,3.25,13.81,20.0,25.55,1.26
Tyrod Taylor,QB,NYJ,TEN,6.35,9.48,1.45,0.0,1.493,37.574,8.37,4000.0,0.005,NYJ_TEN,7.33,6.29,14.75,19.97,25.51,1.2
Quinshon Judkins,RB,CLE,JAX,9.17,12.14,1.35,0.557,1.324,48.117,6.66,5500.0,0.005,CLE_JAX,9.42,9.11,16.14,19.95,24.93,0.98
Rome Odunze,WR,CHI,CAR,6.24,8.12,1.29,0.719,1.301,32.184,8.69,5400.0,0.005,CAR_CHI,7.38,6.4,15.11,19.95,25.85,1.28
Ladd McConkey,WR,LAC,ARI,8.66,10.46,1.186,0.686,1.208,41.459,6.75,5900.0,0.005,ARI_LAC,9.03,8.68,15.78,19.87,25.21,1.1400000000000001
Chimere Dike,WR,TEN,NYJ,10.11,12.39,1.189,0.712,1.226,49.108,5.96,3400.0,0.005,NYJ_TEN,10.3,10.23,16.28,19.84,23.54,0.64
Marcus Mariota,QB,WAS,PHI,6.66,9.17,1.45,0.0,1.377,36.346,8.05,4500.0,0.005,PHI_WAS,7.56,6.64,15.12,19.79,25.13,1.06
DK Metcalf,WR,PIT,ATL,9.79,12.62,1.291,0.728,1.289,50.02,6.0,5400.0,0.005,ATL_PIT,10.09,9.96,16.12,19.77,23.88,0.6799999999999999
Michael Mayer,TE,LV,MIA,10.49,13.67,1.271,0.57,1.303,23.066,5.6,2900.0,0.0117,LV_MIA,10.53,10.54,16.15,19.75,23.92,0.64
Zach Charbonnet,RB,SEA,NE,8.56,9.78,1.148,0.714,1.143,38.763,6.77,5100.0,0.005,NE_SEA,8.94,8.63,15.71,19.7,24.14,0.7799999999999999
Emeka Egbuka,WR,TB,CIN,5.99,7.28,1.184,0.673,1.215,28.855,8.14,6200.0,0.005,CIN_TB,7.14,5.95,14.75,19.65,25.07,1.02
Khalil Shakir,WR,BUF,HOU,9.57,13.06,1.436,0.684,1.365,51.764,5.97,4800.0,0.005,BUF_HOU,9.68,9.5,15.83,19.61,23.57,0.38
Keenan Allen,WR,LAC,ARI,8.34,12.26,1.443,0.742,1.47,48.593,6.72,4700.0,0.005,ARI_LAC,8.75,8.44,15.43,19.6,24.71,0.86
TreVeyon Henderson,RB,NE,SEA,4.43,4.78,1.12,0.542,1.079,18.946,9.26,5200.0,0.005,NE_SEA,6.19,4.27,13.89,19.55,25.65,1.26
Oronde Gadsden II,TE,LAC,ARI,7.58,9.2,1.192,0.734,1.214,36.465,7.32,3500.0,0.005,ARI_LAC,8.09,7.55,15.08,19.54,24.4,0.84
Devin Neal,RB,NO,DET,10.52,11.73,1.12,0.484,1.115,46.492,5.27,4400.0,0.005,DET_NO,10.61,10.58,15.99,19.43,22.89,0.32
Luther Burden III,WR,CHI,CAR,7.62,9.93,1.29,0.719,1.303,39.358,7.1,5500.0,0.005,CAR_CHI,8.1,7.52,14.89,19.34,23.64,0.66
Gunner Olszewski,WR,NYG,DAL,10.86,13.31,1.19,0.718,1.226,38.024,5.01,3000.0,0.0069,DAL_NYG,10.93,10.92,16.09,19.18,22.21,0.24
Kimani Vidal,RB,LAC,ARI,5.94,7.32,1.22,0.449,1.232,29.013,8.04,4800.0,0.005,ARI_LAC,7.04,6.17,14.33,19.13,24.04,0.7000000000000001
Aaron Jones,RB,MIN,GB,11.54,15.6,1.35,0.557,1.352,61.831,4.51,5300.0,0.005,GB_MIN,11.5,11.5,16.3,18.89,22.05,0.16
Jake Tonges,TE,SF,LA,8.69,10.78,1.28,0.64,1.241,42.727,6.16,3300.0,0.005,LA_SF,8.92,8.59,15.12,18.81,23.26,0.4
Shane Buechele,QB,KC,DEN,3.74,4.1,1.12,1.0,1.096,16.25,9.24,4000.0,0.005,DEN_KC,5.93,3.98,13.16,18.76,25.17,1.1199999999999999
Riley Leonard,QB,IND,BAL,0.93,1.15,1.22,0.0,1.237,4.558,10.66,4400.0,0.005,BAL_IND,4.79,0.98,12.02,18.68,26.27,1.32
Deebo Samuel Sr.,WR,WAS,PHI,7.36,10.02,1.434,0.676,1.361,39.715,6.94,5000.0,0.005,PHI_WAS,7.95,7.44,14.62,18.68,23.23,0.4
Carson Wentz,QB,MIN,GB,11.64,14.39,1.22,0.689,1.236,57.035,4.47,4000.0,0.005,GB_MIN,11.61,11.73,16.24,18.67,21.56,0.08
Greg Dulcich,TE,MIA,LV,12.16,15.94,1.295,0.758,1.311,37.226,3.96,3500.0,0.0085,LV_MIA,12.15,12.12,16.23,18.64,21.47,0.06
Jordan James,RB,SF,LA,5.18,6.1,1.195,1.0,1.178,24.178,8.22,4200.0,0.005,LA_SF,6.52,5.35,13.54,18.64,24.08,0.8999999999999999
Albert Okwuegbunam,TE,LV,MIA,8.57,11.64,1.325,1.0,1.358,23.106,6.09,2500.0,0.01,LV_MIA,8.8,8.51,14.87,18.63,22.26,0.32
Mack Hollins,WR,NE,SEA,10.54,13.0,1.275,0.598,1.233,51.526,4.95,3600.0,0.005,NE_SEA,10.5,10.45,15.69,18.62,22.08,0.12
Stefon Diggs,WR,NE,SEA,7.66,9.45,1.275,0.601,1.234,37.455,6.6,5200.0,0.005,NE_SEA,8.04,7.56,14.48,18.62,23.41,0.58
Jahdae Walker,WR,CHI,CAR,9.66,10.71,1.097,0.774,1.109,42.449,5.34,3100.0,0.005,CAR_CHI,9.77,9.63,15.29,18.45,22.19,0.22
Kyle Monangai,RB,CHI,CAR,8.28,9.37,1.122,0.617,1.132,37.138,6.07,5100.0,0.005,CAR_CHI,8.48,8.15,14.45,18.36,22.63,0.38
Josh Downs,WR,IND,BAL,10.49,12.63,1.195,0.76,1.204,50.059,4.74,5200.0,0.005,BAL_IND,10.47,10.43,15.31,18.17,21.49,0.08
Cooper Kupp,WR,SEA,NE,11.31,16.16,1.436,0.688,1.429,64.051,4.15,4100.0,0.005,NE_SEA,11.32,11.3,15.53,18.07,21.25,0.06
Rachaad White,RB,TB,CIN,9.04,9.4,1.02,0.474,1.04,37.257,5.5,5200.0,0.005,CIN_TB,9.1,8.93,14.84,18.02,21.79,0.12
David Montgomery,RB,DET,NO,6.91,7.81,1.142,0.724,1.13,30.955,6.73,6000.0,0.005,DET_NO,7.32,6.8,13.64,17.96,22.69,0.42
Tyler Huntley,QB,BAL,IND,6.64,8.8,1.32,0.0,1.325,34.879,7.31,4300.0,0.005,BAL_IND,7.15,6.35,14.03,17.91,23.01,0.45999999999999996
James Conner,RB,ARI,LAC,11.55,14.21,1.249,0.714,1.23,34.057,3.97,4200.0,0.0083,ARI_LAC,11.47,11.49,15.65,17.88,20.47,0.0
Justice Hill,RB,BAL,IND,3.14,3.33,1.062,0.732,1.061,13.199,8.56,4200.0,0.005,BAL_IND,5.36,3.39,12.12,17.69,22.89,0.52
Chris Rodriguez Jr.,RB,WAS,PHI,9.59,11.42,1.22,0.656,1.191,45.264,4.84,5100.0,0.005,PHI_WAS,9.75,9.71,14.66,17.68,21.12,0.1
Brian Thomas Jr.,WR,JAX,CLE,9.73,11.14,1.182,0.66,1.145,44.154,4.83,5500.0,0.005,CLE_JAX,9.69,9.71,14.55,17.62,20.69,0.06
Tyjae Spears,RB,TEN,NYJ,8.6,10.0,1.145,0.687,1.163,39.635,5.55,5100.0,0.005,NYJ_TEN,8.73,8.61,14.29,17.61,21.36,0.13999999999999999
Matthew Golden,WR,GB,MIN,8.8,10.96,1.292,0.74,1.245,43.44,5.4,4700.0,0.005,GB_MIN,8.81,8.67,14.21,17.56,20.82,0.04
Ty Johnson,RB,BUF,HOU,9.12,9.45,1.063,0.758,1.036,37.455,5.29,4200.0,0.005,BUF_HOU,9.27,9.32,14.64,17.55,21.16,0.13999999999999999
Sean Tucker,RB,TB,CIN,3.62,3.77,1.02,0.613,1.041,14.943,8.24,4700.0,0.005,CIN_TB,5.52,3.63,12.59,17.48,23.41,0.5599999999999999
CeeDee Lamb,WR,DAL,NYG,7.56,8.87,1.182,0.658,1.173,35.157,5.98,7400.0,0.005,DAL_NYG,7.79,7.45,13.71,17.37,21.6,0.26
J.K. Dobbins,RB,DEN,KC,10.57,14.5,1.382,0.783,1.372,57.471,4.1,5300.0,0.005,DEN_KC,10.57,10.65,14.91,17.3,20.06,0.0
Mark Andrews,TE,BAL,IND,6.25,8.14,1.299,0.793,1.302,32.263,6.79,3900.0,0.005,BAL_IND,6.86,6.2,13.3,17.28,21.56,0.18
John Metchie III,WR,NYJ,TEN,8.29,10.93,1.28,0.642,1.318,43.321,5.42,3200.0,0.005,NYJ_TEN,8.44,8.24,13.94,17.27,20.64,0.08
Devontez Walker,WR,BAL,IND,6.5,7.2,1.104,0.83,1.108,28.537,6.47,3200.0,0.005,BAL_IND,7.05,6.57,13.14,17.25,21.83,0.24
Tyler Warren,TE,IND,BAL,9.17,13.32,1.442,0.732,1.453,52.794,4.88,4900.0,0.005,BAL_IND,9.28,9.22,14.34,17.17,20.32,0.06
Blake Corum,RB,LAR,SF,7.17,8.23,1.139,0.711,1.148,32.62,6.14,5200.0,0.005,LAR_SF,7.6,7.27,13.47,17.16,21.34,0.18
Jake Ferguson,TE,DAL,NYG,5.36,5.77,1.084,0.675,1.076,22.87,7.11,3900.0,0.005,DAL_NYG,6.3,5.37,12.69,17.15,22.18,0.33999999999999997
Isaiah Williams,WR,NYJ,TEN,10.75,15.76,1.423,0.586,1.466,23.503,3.97,3000.0,0.0133,NYJ_TEN,10.77,10.75,14.91,17.15,19.95,0.0
Mac Jones,QB,SF,LA,1.65,1.95,1.22,0.0,1.182,7.729,9.45,4000.0,0.005,LA_SF,4.7,1.74,11.57,17.12,24.32,0.8200000000000001
Jayden Higgins,WR,HOU,BUF,8.77,10.97,1.285,0.682,1.251,43.48,5.16,4500.0,0.005,BUF_HOU,8.79,8.68,14.17,17.07,20.27,0.04
Darius Slayton,WR,NYG,DAL,10.53,13.94,1.286,0.69,1.324,55.252,3.83,4200.0,0.005,DAL_NYG,10.61,10.6,14.59,17.06,19.54,0.0
AJ Barner,TE,SEA,NE,6.5,7.05,1.091,0.732,1.085,27.943,6.56,3600.0,0.005,NE_SEA,7.01,6.41,13.18,17.02,21.58,0.3
Travis Kelce,TE,KC,DEN,6.51,9.19,1.443,0.743,1.412,36.425,6.4,4000.0,0.005,DEN_KC,7.05,6.54,13.26,17.01,21.08,0.16
Jauan Jennings,WR,SF,LA,7.68,9.61,1.292,0.732,1.251,38.09,5.75,4300.0,0.005,LA_SF,7.91,7.74,13.49,16.99,21.1,0.08
Ronnie Bell,WR,NO,DET,5.02,5.43,1.083,0.667,1.082,21.522,7.28,3000.0,0.005,DET_NO,6.18,5.23,12.84,16.87,22.43,0.36
Michael Pittman,WR,IND,BAL,4.8,5.73,1.183,0.664,1.194,22.711,7.36,4900.0,0.005,BAL_IND,5.88,4.73,12.34,16.67,22.02,0.38
Chig Okonkwo,TE,TEN,NYJ,9.0,12.0,1.295,0.762,1.333,47.562,4.48,4000.0,0.005,NYJ_TEN,8.98,9.02,13.69,16.36,19.22,0.0
Kayshon Boutte,WR,NE,SEA,4.63,5.77,1.288,0.703,1.246,22.87,7.08,4500.0,0.005,NE_SEA,5.79,4.71,12.15,16.35,21.51,0.27999999999999997
Michael Carter,RB,ARI,LAC,8.35,10.02,1.22,0.503,1.2,39.715,4.89,4000.0,0.005,ARI_LAC,8.43,8.42,13.38,16.33,19.54,0.04
Jalen Nailor,WR,MIN,GB,5.25,5.82,1.093,0.744,1.109,23.068,6.61,4300.0,0.005,GB_MIN,6.09,5.21,12.27,16.31,20.58,0.22
Mason Taylor,TE,NYJ,TEN,8.65,11.45,1.286,0.686,1.324,45.382,4.87,2800.0,0.005,NYJ_TEN,8.62,8.6,13.59,16.29,19.5,0.02
Samaje Perine,RB,CIN,TB,8.56,9.55,1.12,0.611,1.116,37.852,4.74,4600.0,0.005,CIN_TB,8.73,8.72,13.5,16.28,19.47,0.04
Alvin Kamara,RB,NO,DET,8.28,10.05,1.22,0.511,1.214,39.834,4.9,4900.0,0.005,DET_NO,8.29,8.21,13.18,16.23,19.44,0.0
Calvin Ridley,WR,TEN,NYJ,7.03,7.74,1.069,0.55,1.101,30.678,5.48,4500.0,0.005,NYJ_TEN,7.24,6.91,12.77,16.18,20.05,0.06
Hunter Henry,TE,NE,SEA,4.34,5.0,1.192,0.738,1.152,19.818,7.12,3800.0,0.005,NE_SEA,5.52,4.27,11.82,16.17,21.27,0.26
Malik Washington,WR,MIA,LV,10.77,13.0,1.193,0.741,1.207,51.526,3.34,4200.0,0.005,LV_MIA,10.73,10.79,14.09,16.11,18.31,0.0
KaVontae Turpin,WR,DAL,NYG,8.33,9.17,1.109,0.869,1.101,36.346,4.65,3300.0,0.005,DAL_NYG,8.38,8.28,13.16,16.04,19.35,0.02
Isaac TeSlaa,WR,DET,NO,6.73,7.42,1.105,0.839,1.103,29.409,5.61,3900.0,0.005,DET_NO,7.04,6.74,12.45,16.04,20.05,0.08
Dalton Schultz,TE,HOU,BUF,7.06,7.51,1.092,0.733,1.064,29.766,5.56,3400.0,0.005,BUF_HOU,7.28,7.0,12.89,15.99,19.7,0.04
Spencer Rattler,QB,NO,DET,5.26,6.94,1.32,0.0,1.319,27.507,6.43,4000.0,0.005,DET_NO,6.0,5.34,12.03,15.74,20.12,0.08
Theo Johnson,TE,NYG,DAL,6.55,8.72,1.291,0.726,1.331,34.562,5.82,2800.0,0.005,DAL_NYG,6.78,6.44,12.27,15.72,19.63,0.02
Mike Gesicki,TE,CIN,TB,6.45,7.14,1.103,0.823,1.107,28.3,5.58,3100.0,0.005,CIN_TB,6.68,6.35,12.09,15.6,19.27,0.04
Jaylen Wright,RB,MIA,LV,6.02,6.73,1.12,0.504,1.118,26.675,5.52,4500.0,0.005,LV_MIA,6.51,6.08,11.94,15.54,18.9,0.0
Bam Knight,RB,ARI,LAC,5.73,6.32,1.12,0.475,1.103,25.05,5.9,4000.0,0.005,ARI_LAC,6.32,5.85,11.77,15.45,20.27,0.06
Demarcus Robinson,WR,SF,LA,6.48,7.5,1.194,0.754,1.157,29.727,5.63,3800.0,0.005,LA_SF,6.77,6.55,12.21,15.39,19.04,0.04
Troy Franklin,WR,DEN,KC,2.59,2.77,1.082,0.654,1.069,10.979,7.69,3800.0,0.005,DEN_KC,4.66,2.76,10.71,15.29,20.01,0.16
Dylan Sampson,RB,CLE,JAX,6.05,6.65,1.12,0.553,1.099,26.358,5.6,4700.0,0.005,CLE_JAX,6.32,5.88,11.93,15.25,18.72,0.02
Greg Dortch,WR,ARI,LAC,5.76,6.19,1.098,0.782,1.075,24.534,6.02,3400.0,0.005,ARI_LAC,6.25,5.71,11.83,15.2,19.52,0.08
Jared Wayne,WR,HOU,BUF,3.15,3.45,1.125,1.0,1.095,13.674,7.32,3000.0,0.005,BUF_HOU,4.66,2.91,10.49,15.1,20.12,0.13999999999999999
Tank Bigsby,RB,PHI,WAS,6.92,7.91,1.12,0.536,1.143,31.352,5.01,4900.0,0.005,PHI_WAS,7.13,6.94,12.15,15.09,18.65,0.0
Ricky Pearsall,WR,SF,LA,3.72,4.28,1.187,0.694,1.151,16.964,6.89,3000.0,0.005,LA_SF,5.07,3.94,10.9,15.09,19.43,0.13999999999999999
Jerry Jeudy,WR,CLE,JAX,6.61,9.01,1.435,0.684,1.363,35.711,5.22,4100.0,0.005,CLE_JAX,6.8,6.62,11.82,15.01,18.48,0.02
Jacardia Wright,RB,SEA,NE,1.72,1.88,1.095,1.0,1.093,7.451,8.22,4000.0,0.005,NE_SEA,4.13,1.59,10.05,14.95,20.58,0.26
David Njoku,TE,CLE,JAX,6.42,6.64,1.089,0.709,1.034,26.318,5.05,3000.0,0.005,CLE_JAX,6.67,6.44,11.77,14.93,18.03,0.0
Jaylen Waddle,WR,MIA,LV,3.86,5.02,1.283,0.662,1.301,19.897,6.87,6300.0,0.005,LV_MIA,5.1,3.84,10.92,14.91,20.04,0.12
Pat Freiermuth,TE,PIT,ATL,4.48,5.39,1.204,0.834,1.203,21.363,6.34,3400.0,0.005,ATL_PIT,5.36,4.38,11.0,14.88,19.07,0.04
Amar Johnson,RB,LAC,ARI,1.39,1.54,1.095,1.0,1.108,6.104,8.22,4000.0,0.005,ARI_LAC,3.98,1.17,10.04,14.86,20.08,0.18
Malik Davis,RB,DAL,NYG,6.83,7.8,1.122,0.646,1.142,30.916,4.81,4300.0,0.005,DAL_NYG,7.0,6.85,11.75,14.83,18.13,0.02
Josh Oliver,TE,MIN,GB,6.28,7.04,1.105,0.842,1.121,27.903,5.0,2800.0,0.005,GB_MIN,6.57,6.33,11.44,14.77,18.4,0.02
Jayden Reed,WR,GB,MIN,9.12,11.5,1.308,0.865,1.261,45.581,3.3,4900.0,0.005,GB_MIN,9.2,9.2,12.67,14.63,17.09,0.0
Tez Johnson,WR,TB,CIN,4.3,4.82,1.092,0.739,1.121,19.104,6.51,3100.0,0.005,CIN_TB,5.19,4.26,10.88,14.57,19.22,0.08
Xavier Hutchinson,WR,HOU,BUF,6.14,8.59,1.437,0.694,1.399,34.047,5.1,3200.0,0.005,BUF_HOU,6.38,6.09,11.47,14.53,18.09,0.0
Brenton Strange,TE,JAX,CLE,6.32,7.94,1.297,0.779,1.256,31.47,4.93,3600.0,0.005,CLE_JAX,6.69,6.53,11.53,14.52,18.29,0.0
Jacoby Jones,WR,WAS,PHI,2.6,2.79,1.125,1.0,1.073,11.058,7.32,3000.0,0.005,PHI_WAS,4.32,2.56,9.89,14.51,19.01,0.08
Van Jefferson,WR,TEN,NYJ,8.89,10.9,1.191,0.73,1.226,43.203,3.38,3000.0,0.005,NYJ_TEN,8.93,8.98,12.43,14.47,16.87,0.0
Adonai Mitchell,WR,NYJ,TEN,3.42,4.47,1.269,0.551,1.307,17.717,6.79,4000.0,0.005,NYJ_TEN,4.71,3.51,10.32,14.47,19.2,0.06
Dontayvion Wicks,WR,GB,MIN,2.96,3.11,1.088,0.707,1.051,12.327,7.02,4100.0,0.005,GB_MIN,4.52,2.91,10.32,14.43,19.24,0.13999999999999999
Keon Coleman,WR,BUF,HOU,5.36,5.57,1.093,0.74,1.039,22.077,5.67,4000.0,0.005,BUF_HOU,5.78,5.16,11.12,14.42,18.61,0.02
Jawhar Jordan,RB,HOU,BUF,3.72,4.19,1.12,0.47,1.126,16.607,6.51,4500.0,0.005,BUF_HOU,4.89,3.81,10.51,14.35,18.35,0.08
Calvin Austin III,WR,PIT,ATL,5.32,6.31,1.188,0.702,1.186,25.01,5.34,3700.0,0.005,ATL_PIT,5.92,5.5,11.05,14.32,17.82,0.0
Emanuel Wilson,RB,GB,MIN,2.91,3.19,1.12,0.544,1.096,12.644,6.71,4100.0,0.005,GB_MIN,4.46,3.06,9.9,14.23,18.64,0.02
Jordan Mason,RB,MIN,GB,5.07,5.68,1.12,0.56,1.12,22.513,5.5,5400.0,0.005,GB_MIN,5.56,4.98,10.57,14.13,17.63,0.0
Moliki Matavao,TE,NO,DET,4.14,4.65,1.125,1.0,1.123,18.43,6.09,2500.0,0.005,DET_NO,5.03,4.04,10.47,14.06,18.8,0.04
Tanner McKee,QB,PHI,WAS,3.53,4.41,1.22,0.0,1.249,17.479,6.27,4000.0,0.005,PHI_WAS,4.7,3.55,10.14,14.01,18.72,0.06
Emari Demercado,RB,ARI,LAC,6.92,7.63,1.12,0.633,1.103,30.242,4.3,4000.0,0.005,ARI_LAC,6.99,6.93,11.34,14.0,17.03,0.0
Tyler Allgeier,RB,ATL,PIT,5.28,5.98,1.132,0.686,1.133,23.702,5.35,4900.0,0.005,ATL_PIT,5.68,5.3,10.73,13.94,17.36,0.02
Andrei Iosivas,WR,CIN,TB,5.42,5.96,1.097,0.775,1.1,23.623,5.18,3300.0,0.005,CIN_TB,5.78,5.4,10.75,13.91,17.7,0.0
Dillon Gabriel,QB,CLE,JAX,1.84,1.95,1.12,0.0,1.06,7.729,7.22,4000.0,0.005,CLE_JAX,3.8,1.7,9.15,13.76,18.42,0.1
Xavier Legette,WR,CAR,CHI,2.98,3.54,1.188,0.708,1.188,14.031,6.71,3700.0,0.005,CAR_CHI,4.34,2.89,9.77,13.74,18.53,0.08
Darnell Mooney,WR,ATL,PIT,7.71,9.99,1.286,0.685,1.296,39.596,3.83,4000.0,0.005,ATL_PIT,7.64,7.65,11.46,13.73,16.33,0.0
Kendall Milton,RB,CIN,TB,0.2,0.22,1.095,1.0,1.1,0.872,8.22,4000.0,0.005,CIN_TB,3.34,0.08,8.4,13.69,20.16,0.16
Tyler Higbee,TE,LAR,SF,4.39,4.85,1.098,0.781,1.105,19.223,5.66,3200.0,0.005,LAR_SF,5.12,4.37,10.31,13.57,16.93,0.02
Jarquez Hunter,RB,LAR,SF,0.0,0.0,1.095,1.0,1.0,0.0,8.22,4000.0,0.005,LAR_SF,3.36,0.22,8.67,13.54,20.2,0.06
Jarrett Stidham,QB,DEN,KC,3.13,4.09,1.32,0.0,1.307,16.211,6.17,4300.0,0.005,DEN_KC,4.26,2.96,9.59,13.54,16.85,0.02
Shane Zylstra,TE,DET,NO,3.3,3.71,1.125,1.0,1.124,14.705,6.09,2500.0,0.005,DET_NO,4.44,3.26,9.77,13.45,17.47,0.02
Drake Dabney,TE,GB,MIN,3.18,4.06,1.325,1.0,1.277,16.092,6.09,2500.0,0.005,GB_MIN,4.4,3.28,9.56,13.44,17.33,0.02
Tyquan Thornton,WR,KC,DEN,3.93,4.19,1.089,0.714,1.066,16.607,5.71,3500.0,0.005,DEN_KC,4.85,4.01,9.99,13.42,17.44,0.02
Trey Lance,QB,LAC,ARI,6.86,10.13,1.45,0.0,1.477,40.151,3.9,4000.0,0.005,ARI_LAC,6.88,6.76,10.83,13.39,16.11,0.0
Lew Nichols III,RB,PIT,ATL,0.0,0.0,1.095,1.0,1.0,0.0,8.22,4000.0,0.005,ATL_PIT,3.26,0.0,8.4,13.39,18.58,0.1
Will Mallory,TE,IND,BAL,3.2,3.62,1.125,1.0,1.131,14.348,6.09,2500.0,0.005,BAL_IND,4.34,3.02,9.63,13.36,17.75,0.04
Kalif Raymond,WR,DET,NO,5.85,6.45,1.103,0.827,1.103,25.565,4.5,3300.0,0.005,DET_NO,6.07,5.89,10.65,13.34,16.56,0.02
Marvin Harrison Jr.,WR,ARI,LAC,2.09,2.21,1.08,0.643,1.057,8.759,7.03,5000.0,0.005,ARI_LAC,3.93,2.1,9.23,13.33,18.3,0.06
T.J. Hockenson,TE,MIN,GB,6.37,7.7,1.193,0.744,1.209,30.519,4.04,3300.0,0.005,GB_MIN,6.45,6.3,10.51,13.16,15.59,0.0
Dawson Knox,TE,BUF,HOU,5.21,5.92,1.195,0.759,1.136,23.464,4.67,3100.0,0.005,BUF_HOU,5.49,5.1,10.09,13.11,16.11,0.0
Tommy Tremble,TE,CAR,CHI,5.97,6.52,1.091,0.729,1.092,25.842,4.39,2900.0,0.005,CAR_CHI,6.12,5.97,10.42,13.04,16.37,0.0
Jordan Addison,WR,MIN,GB,3.66,4.37,1.178,0.623,1.194,17.321,5.66,5800.0,0.005,GB_MIN,4.53,3.59,9.54,13.04,16.77,0.0
Isaiah Likely,TE,BAL,IND,6.25,7.48,1.195,0.762,1.197,29.647,4.1,4300.0,0.005,BAL_IND,6.41,6.29,10.47,12.98,15.65,0.0
Jaydon Blue,RB,DAL,NYG,4.67,5.32,1.12,0.652,1.139,21.086,4.97,4000.0,0.005,DAL_NYG,5.16,4.71,9.88,12.96,16.18,0.0
Brittain Brown,RB,CHI,CAR,1.45,1.53,1.047,0.767,1.055,6.064,6.86,4000.0,0.005,CAR_CHI,3.56,1.49,8.59,12.95,17.57,0.02
Rashid Shaheed,WR,SEA,NE,3.59,4.22,1.182,0.654,1.175,16.726,5.4,4400.0,0.005,NE_SEA,4.48,3.61,9.47,12.94,16.15,0.0
Isaiah Davis,RB,NYJ,TEN,4.7,5.06,1.057,0.736,1.077,20.055,4.84,4200.0,0.005,NYJ_TEN,5.1,4.69,9.64,12.64,16.03,0.0
Cole Kmet,TE,CHI,CAR,6.56,7.27,1.097,0.777,1.108,28.815,3.71,3300.0,0.005,CAR_CHI,6.51,6.44,10.4,12.52,15.39,0.0
DeMario Douglas,WR,NE,SEA,4.48,5.2,1.197,0.777,1.161,20.61,5.17,3300.0,0.005,NE_SEA,4.94,4.37,9.67,12.51,16.0,0.0
Ja'Tavion Sanders,TE,CAR,CHI,5.95,6.53,1.096,0.765,1.097,25.882,3.84,2700.0,0.005,CAR_CHI,6.12,5.97,9.99,12.39,15.09,0.0
Lil'Jordan Humphrey,WR,DEN,KC,4.32,5.07,1.184,0.669,1.174,20.095,4.99,3200.0,0.005,DEN_KC,4.76,4.24,9.3,12.31,15.79,0.0
Kendrick Bourne,WR,SF,LA,1.17,1.24,1.09,0.72,1.06,4.915,6.85,3600.0,0.005,LA_SF,3.37,1.31,8.44,12.25,16.8,0.02
Ray Davis,RB,BUF,HOU,2.55,2.57,1.032,0.68,1.008,10.186,6.01,4600.0,0.005,BUF_HOU,3.88,2.57,8.76,12.23,16.4,0.02
Brady Cook,QB,NYJ,TEN,7.07,9.62,1.32,0.79,1.361,38.129,3.11,4000.0,0.005,NYJ_TEN,7.07,7.07,10.25,12.23,14.19,0.0
Jeshaun Jones,WR,MIN,GB,0.0,0.0,1.125,1.0,1.0,0.0,7.32,3000.0,0.005,GB_MIN,2.96,0.0,7.86,12.18,17.08,0.04
Jakobi Meyers,WR,JAX,CLE,4.48,5.61,1.291,0.731,1.252,22.235,4.72,5000.0,0.005,CLE_JAX,4.81,4.33,9.28,12.17,15.64,0.0
Chris Blair,WR,ATL,PIT,0.0,0.0,1.125,1.0,1.0,0.0,7.32,3000.0,0.005,ATL_PIT,2.97,0.05,7.79,12.09,17.38,0.08
Dalevon Campbell,WR,CAR,CHI,0.0,0.0,1.125,1.0,1.0,0.0,7.32,3000.0,0.005,CAR_CHI,2.9,0.08,7.45,12.03,17.21,0.0
Cedric Tillman,WR,CLE,JAX,4.52,4.72,1.097,0.777,1.044,18.708,4.59,3400.0,0.005,CLE_JAX,4.9,4.51,9.3,12.01,15.3,0.0
Olamide Zaccheaus,WR,CHI,CAR,4.67,5.16,1.094,0.753,1.105,20.452,4.43,3500.0,0.005,CAR_CHI,5.13,4.76,9.52,12.0,15.1,0.0
Trey Benson,RB,ARI,LAC,10.2,11.29,1.125,0.552,1.107,44.748,1.05,4400.0,0.005,ARI_LAC,10.19,10.19,11.29,11.94,12.58,0.0
Kaden Davis,WR,CLE,JAX,0.0,0.0,1.125,1.0,1.0,0.0,7.32,3000.0,0.005,CLE_JAX,2.88,0.0,7.45,11.92,17.05,0.04
Tutu Atwell,WR,LAR,SF,2.43,2.72,1.113,0.907,1.119,10.781,5.69,3700.0,0.005,LAR_SF,3.63,2.42,8.29,11.79,15.61,0.0
Bhayshul Tuten,RB,JAX,CLE,4.0,4.13,1.051,0.763,1.032,16.369,4.76,5800.0,0.005,CLE_JAX,4.52,3.99,8.84,11.76,15.19,0.0
Mo Alie-Cox,TE,IND,BAL,6.57,7.35,1.109,0.874,1.119,29.132,3.17,2500.0,0.005,BAL_IND,6.61,6.56,9.96,11.71,13.89,0.0
Isiah Pacheco,RB,KC,DEN,5.21,6.38,1.238,0.604,1.225,25.287,3.89,5000.0,0.005,DEN_KC,5.37,5.21,9.25,11.66,14.19,0.0
Xavier Worthy,WR,KC,DEN,4.1,4.8,1.196,0.767,1.171,19.025,4.52,4500.0,0.005,DEN_KC,4.5,4.02,8.85,11.47,14.74,0.0
Elijah Higgins,TE,ARI,LAC,4.65,5.43,1.193,0.744,1.168,21.522,3.95,2500.0,0.005,ARI_LAC,4.86,4.64,8.66,11.15,13.96,0.0
Michael Bandy,WR,DEN,KC,4.66,5.13,1.114,0.911,1.101,20.333,3.79,3000.0,0.005,DEN_KC,4.95,4.74,8.7,11.11,13.6,0.0
Brock Wright,TE,DET,NO,4.23,5.04,1.193,0.744,1.191,19.976,4.21,2900.0,0.005,DET_NO,4.48,4.06,8.5,11.06,13.88,0.0
Tyrell Shavers,WR,BUF,HOU,2.76,2.88,1.096,0.77,1.043,11.415,5.13,3000.0,0.005,BUF_HOU,3.7,2.82,7.98,11.05,14.94,0.0
Roman Wilson,WR,PIT,ATL,1.08,1.19,1.106,0.846,1.102,4.717,6.11,3100.0,0.005,ATL_PIT,2.97,1.05,7.15,11.02,14.9,0.0
Pat Bryant,WR,DEN,KC,4.24,4.59,1.094,0.752,1.083,18.193,4.0,4200.0,0.005,DEN_KC,4.5,4.23,8.37,10.83,13.79,0.0
Gunnar Helm,TE,TEN,NYJ,4.28,4.85,1.101,0.805,1.133,19.223,3.99,3200.0,0.005,NYJ_TEN,4.57,4.33,8.44,10.81,13.39,0.0
Grant Calcaterra,TE,PHI,WAS,5.65,6.43,1.11,0.877,1.138,25.486,3.08,2500.0,0.005,PHI_WAS,5.64,5.58,8.85,10.8,12.79,0.0
Evan Engram,TE,DEN,KC,4.46,5.29,1.199,0.792,1.186,20.967,3.88,3400.0,0.005,DEN_KC,4.68,4.45,8.57,10.76,13.17,0.0
Kendre Miller,RB,NO,DET,4.21,4.79,1.143,0.749,1.138,18.985,3.91,4000.0,0.005,DET_NO,4.43,4.16,8.18,10.59,13.12,0.0
Joe Milton III,QB,DAL,NYG,4.28,5.19,1.22,0.104,1.213,20.571,3.73,4000.0,0.005,DAL_NYG,4.53,4.31,8.16,10.48,13.02,0.0
Tanner Hudson,TE,CIN,TB,5.14,5.7,1.105,0.844,1.109,22.592,3.15,2500.0,0.005,CIN_TB,5.22,5.15,8.48,10.36,12.38,0.0
Brashard Smith,RB,KC,DEN,3.82,3.87,1.025,0.593,1.013,15.339,4.01,4000.0,0.005,DEN_KC,4.12,3.72,7.83,10.34,12.9,0.0
Hayden Rucci,TE,MIA,LV,0.0,0.0,1.125,1.0,1.0,0.0,6.09,2500.0,0.005,LV_MIA,2.41,0.0,6.33,10.3,14.24,0.0
Tre Harris,WR,LAC,ARI,5.65,6.87,1.194,0.749,1.216,27.229,2.79,3800.0,0.005,ARI_LAC,5.7,5.69,8.6,10.27,12.06,0.0
Jeremy McNichols,RB,WAS,PHI,3.83,3.97,1.061,0.743,1.037,15.735,3.79,4300.0,0.005,PHI_WAS,4.16,3.93,7.72,10.13,12.59,0.0
Terrance Ferguson,TE,LAR,SF,2.1,2.33,1.104,0.835,1.11,9.235,4.94,3000.0,0.005,LAR_SF,3.2,2.17,7.18,10.05,13.22,0.0
Luke McCaffrey,WR,WAS,PHI,1.17,1.21,1.096,0.771,1.034,4.796,5.3,3500.0,0.005,PHI_WAS,2.78,1.21,6.6,10.0,13.44,0.0
Rashod Bateman,WR,BAL,IND,2.08,2.26,1.09,0.717,1.087,8.958,4.82,3900.0,0.005,BAL_IND,3.14,2.16,7.03,9.96,13.16,0.0
Chris Oladokun,QB,KC,DEN,1.97,2.35,1.22,0.063,1.193,9.314,4.86,4000.0,0.005,DEN_KC,3.13,2.11,7.06,9.92,13.28,0.0
E.J. Jenkins,TE,PHI,WAS,0.0,0.0,1.125,1.0,1.0,0.0,6.09,2500.0,0.005,PHI_WAS,2.4,0.01,6.24,9.91,14.62,0.02
Tim Patrick,WR,JAX,CLE,0.63,0.67,1.095,0.761,1.063,2.656,5.58,3000.0,0.005,CLE_JAX,2.56,0.64,6.37,9.9,13.36,0.0
Thomas Fidone II,TE,NYG,DAL,0.0,0.0,1.125,1.0,1.0,0.0,6.09,2500.0,0.005,DAL_NYG,2.43,0.05,6.3,9.88,14.05,0.02
Princeton Fant,TE,DAL,NYG,0.0,0.0,1.125,1.0,1.0,0.0,6.09,2500.0,0.005,DAL_NYG,2.39,0.04,6.2,9.76,14.12,0.0
Dyami Brown,WR,JAX,CLE,0.79,0.83,1.087,0.694,1.051,3.29,5.36,3200.0,0.005,CLE_JAX,2.53,0.75,6.32,9.65,13.02,0.0
Darnell Washington,TE,PIT,ATL,4.42,4.83,1.094,0.756,1.093,19.144,3.16,3000.0,0.005,ATL_PIT,4.48,4.29,7.66,9.65,12.0,0.0
Andy Dalton,QB,CAR,CHI,5.14,5.76,1.12,0.0,1.121,22.83,2.68,4000.0,0.005,CAR_CHI,5.2,5.16,7.9,9.6,11.35,0.0
Noah Fant,TE,CIN,TB,1.54,1.7,1.094,0.753,1.104,6.738,4.73,3200.0,0.005,CIN_TB,2.73,1.48,6.41,9.38,12.87,0.0
Mason Tipton,WR,NO,DET,3.49,3.84,1.101,0.809,1.1,15.22,3.35,3000.0,0.005,DET_NO,3.78,3.5,7.01,9.16,11.39,0.0
Zavier Scott,RB,MIN,GB,1.57,1.65,1.052,0.723,1.051,6.54,4.67,4000.0,0.005,GB_MIN,2.67,1.5,6.25,9.04,11.97,0.0
Stone Smartt,TE,NYJ,TEN,3.31,3.73,1.094,0.751,1.127,14.784,3.47,2500.0,0.005,NYJ_TEN,3.61,3.29,6.91,9.01,11.26,0.0
Drew Sample,TE,CIN,TB,4.25,4.73,1.11,0.884,1.113,18.748,2.85,2600.0,0.005,CIN_TB,4.32,4.21,7.23,8.92,10.83,0.0
John Bates,TE,WAS,PHI,4.64,4.84,1.099,0.792,1.043,19.184,2.65,2500.0,0.005,PHI_WAS,4.67,4.65,7.36,8.92,10.7,0.0
Chris Moore,WR,WAS,PHI,1.74,1.8,1.087,0.7,1.034,7.134,4.32,3000.0,0.005,PHI_WAS,2.74,1.74,6.26,8.91,11.93,0.0
Kyle Williams,WR,NE,SEA,1.27,1.35,1.1,0.8,1.063,5.351,4.68,3100.0,0.005,NE_SEA,2.54,1.18,6.1,8.87,12.45,0.0
Jack Bech,WR,LV,MIA,3.38,4.13,1.193,0.743,1.222,16.369,3.17,3600.0,0.005,LV_MIA,3.63,3.33,6.68,8.75,10.95,0.0
Keaton Mitchell,RB,BAL,IND,3.26,3.42,1.051,0.731,1.049,13.555,3.27,4800.0,0.005,BAL_IND,3.56,3.31,6.67,8.75,10.9,0.0
Jonnu Smith,TE,PIT,ATL,2.09,2.29,1.1,0.8,1.096,9.076,3.87,3000.0,0.005,ATL_PIT,2.91,2.26,6.29,8.64,11.23,0.0
Jalen Tolbert,WR,DAL,NYG,1.39,1.51,1.093,0.744,1.086,5.985,4.3,3500.0,0.005,DAL_NYG,2.48,1.31,5.81,8.64,11.54,0.0
Braelon Allen,RB,NYJ,TEN,2.89,3.12,1.06,0.799,1.08,12.366,3.44,4700.0,0.005,NYJ_TEN,3.27,2.88,6.51,8.58,11.04,0.0
Treylon Burks,WR,WAS,PHI,3.18,3.9,1.289,0.71,1.226,15.458,3.25,3400.0,0.005,PHI_WAS,3.53,3.23,6.7,8.54,10.91,0.0
KeAndre Lambert-Smith,WR,LAC,ARI,3.86,4.35,1.106,0.846,1.127,17.241,2.84,3000.0,0.005,ARI_LAC,3.94,3.82,6.76,8.43,10.13,0.0
Jaylin Noel,WR,HOU,BUF,0.54,0.58,1.099,0.788,1.074,2.299,4.8,3600.0,0.005,BUF_HOU,2.18,0.45,5.44,8.36,11.97,0.0
Ian Thomas,TE,LV,MIA,4.28,4.86,1.108,0.863,1.136,19.263,2.45,2500.0,0.005,LV_MIA,4.28,4.22,6.77,8.28,9.83,0.0
Mason Rudolph,QB,PIT,ATL,0.64,0.72,1.12,0.0,1.125,2.854,4.61,4000.0,0.005,ATL_PIT,2.17,0.48,5.46,8.25,11.26,0.0
Isaiah Bond,WR,CLE,JAX,2.67,2.78,1.096,0.768,1.041,11.019,3.21,3300.0,0.005,CLE_JAX,3.07,2.68,6.08,8.17,10.3,0.0
Xavier Restrepo,WR,TEN,NYJ,5.7,6.34,1.079,0.634,1.112,25.129,1.48,3000.0,0.005,NYJ_TEN,5.71,5.68,7.24,8.15,9.19,0.0
Ollie Gordon II,RB,MIA,LV,1.07,1.11,1.039,0.733,1.037,4.4,4.35,4500.0,0.005,LV_MIA,2.29,1.02,5.48,8.12,11.09,0.0
Hunter Long,TE,JAX,CLE,2.28,2.46,1.112,0.895,1.079,9.75,3.59,2500.0,0.005,CLE_JAX,2.83,2.29,5.92,8.12,10.44,0.0
Hunter Luepke,RB,DAL,NYG,3.29,3.59,1.071,0.847,1.091,14.229,2.83,4000.0,0.005,DAL_NYG,3.5,3.31,6.24,7.98,10.0,0.0
Brevyn Spann-Ford,TE,DAL,NYG,4.38,4.82,1.109,0.869,1.1,19.104,2.19,2900.0,0.005,DAL_NYG,4.39,4.37,6.62,7.96,9.55,0.0
Elijah Moore,WR,DEN,KC,2.41,2.63,1.1,0.797,1.091,10.424,3.28,3000.0,0.005,DEN_KC,2.85,2.38,5.82,7.85,10.28,0.0
Casey Washington,WR,ATL,PIT,4.04,4.49,1.102,0.819,1.111,17.796,2.25,3000.0,0.005,ATL_PIT,4.08,4.03,6.45,7.83,9.17,0.0
Cody White,WR,SEA,NE,0.37,0.41,1.109,0.876,1.108,1.625,4.5,3000.0,0.005,NE_SEA,2.02,0.33,5.16,7.8,10.65,0.0
Ben Sinnott,TE,WAS,PHI,3.94,4.48,1.197,0.772,1.137,17.757,2.37,2800.0,0.005,PHI_WAS,3.94,3.88,6.29,7.68,9.49,0.0
Darius Cooper,WR,PHI,WAS,4.08,4.6,1.099,0.793,1.127,18.232,2.13,3000.0,0.005,PHI_WAS,4.16,4.15,6.35,7.64,9.0,0.0
Ameer Abdullah,RB,IND,BAL,3.13,3.34,1.072,0.812,1.067,13.238,2.72,4000.0,0.005,BAL_IND,3.3,3.11,6.02,7.63,9.47,0.0
Najee Harris,RB,LAC,ARI,3.52,4.02,1.127,0.654,1.142,15.933,2.57,4300.0,0.005,ARI_LAC,3.6,3.52,6.17,7.58,9.24,0.0
Raheim Sanders,RB,CLE,JAX,5.84,6.54,1.142,0.718,1.12,25.922,1.05,4000.0,0.005,CLE_JAX,5.85,5.84,6.95,7.56,8.25,0.0
Luke Musgrave,TE,GB,MIN,3.29,3.49,1.102,0.814,1.061,13.833,2.57,3000.0,0.005,GB_MIN,3.44,3.32,5.98,7.54,9.13,0.0
Jaleel McLaughlin,RB,DEN,KC,3.24,3.38,1.051,0.765,1.043,13.397,2.6,4000.0,0.005,DEN_KC,3.35,3.25,5.97,7.49,9.33,0.0
Kenny Pickett,QB,LV,MIA,1.48,1.85,1.22,0.0,1.25,7.333,3.59,4000.0,0.005,LV_MIA,2.31,1.48,5.3,7.46,9.8,0.0
Keleki Latu,TE,BUF,HOU,2.07,2.16,1.098,0.781,1.043,8.561,3.2,2500.0,0.005,BUF_HOU,2.56,2.02,5.35,7.39,9.28,0.0
Ty Chandler,RB,MIN,GB,2.03,2.28,1.12,0.494,1.123,9.037,3.23,4000.0,0.005,GB_MIN,2.53,1.98,5.37,7.32,9.4,0.0
Nate Adkins,TE,DEN,KC,0.83,0.92,1.113,0.905,1.108,3.646,3.74,2500.0,0.005,DEN_KC,1.98,0.82,4.88,7.18,9.61,0.0
Efton Chism III,WR,NE,SEA,0.86,0.92,1.111,0.885,1.07,3.646,3.88,3000.0,0.005,NE_SEA,2.01,0.9,4.79,7.16,9.55,0.0
Jahan Dotson,WR,PHI,WAS,1.14,1.28,1.097,0.778,1.123,5.073,3.47,3700.0,0.005,PHI_WAS,2.06,1.24,4.74,7.05,9.33,0.0
Malachi Corley,WR,CLE,JAX,3.84,4.01,1.1,0.802,1.044,15.894,1.88,3000.0,0.005,CLE_JAX,3.85,3.84,5.78,6.91,8.12,0.0
Tyler Conklin,TE,LAC,ARI,2.39,2.71,1.112,0.895,1.134,10.741,2.69,2500.0,0.005,ARI_LAC,2.62,2.33,5.07,6.82,8.43,0.0
Brian Robinson,RB,SF,LA,1.35,1.39,1.043,0.74,1.03,5.509,3.16,4700.0,0.005,LA_SF,2.1,1.37,4.83,6.75,8.79,0.0
Austin Hooper,TE,NE,SEA,1.97,2.11,1.11,0.879,1.071,8.363,2.92,2700.0,0.005,NE_SEA,2.39,1.93,5.0,6.74,8.82,0.0
Rasheen Ali,RB,BAL,IND,2.0,2.14,1.071,0.786,1.07,8.482,2.92,4200.0,0.005,BAL_IND,2.39,1.97,4.91,6.72,8.78,0.0
Julian Hill,TE,MIA,LV,3.14,3.52,1.105,0.839,1.121,13.952,2.16,2500.0,0.005,LV_MIA,3.23,3.16,5.34,6.71,8.09,0.0
Noah Gray,TE,KC,DEN,3.35,3.92,1.196,0.765,1.17,15.537,2.03,3000.0,0.005,DEN_KC,3.35,3.31,5.43,6.65,8.01,0.0
Quintin Morris,TE,JAX,CLE,2.72,2.91,1.102,0.817,1.07,11.534,2.38,2500.0,0.005,CLE_JAX,2.87,2.72,5.18,6.62,8.23,0.0
Jeremy Ruckert,TE,NYJ,TEN,2.73,3.1,1.102,0.816,1.136,12.287,2.33,2500.0,0.005,NYJ_TEN,2.9,2.77,5.15,6.61,8.26,0.0
Adam Trautman,TE,DEN,KC,1.71,1.88,1.11,0.879,1.099,7.451,2.97,2700.0,0.005,DEN_KC,2.25,1.72,4.86,6.61,8.59,0.0
Kameron Johnson,WR,TB,CIN,0.0,0.0,1.104,0.831,1.0,0.0,3.97,3000.0,0.005,CIN_TB,1.57,0.0,4.05,6.59,9.14,0.0
George Holani,RB,SEA,NE,1.48,1.55,1.048,0.729,1.047,6.143,3.0,4600.0,0.005,NE_SEA,2.07,1.43,4.62,6.54,8.53,0.0
Bo Melton,WR,GB,MIN,1.15,1.22,1.098,0.781,1.061,4.836,3.35,3000.0,0.005,GB_MIN,2.03,1.28,4.61,6.52,8.88,0.0
Braxton Berrios,WR,HOU,BUF,0.04,0.04,1.096,0.765,1.0,0.159,3.85,3000.0,0.005,BUF_HOU,1.56,0.02,4.07,6.39,8.93,0.0
Dare Ogunbowale,RB,HOU,BUF,2.68,2.9,1.074,0.828,1.082,11.494,2.24,4000.0,0.005,BUF_HOU,2.8,2.67,5.0,6.37,7.78,0.0
Charlie Kolar,TE,BAL,IND,1.07,1.2,1.11,0.879,1.121,4.756,3.23,2500.0,0.005,BAL_IND,1.88,1.05,4.44,6.35,8.61,0.0
Davis Allen,TE,LAR,SF,1.55,1.74,1.107,0.856,1.123,6.897,2.93,2500.0,0.005,LAR_SF,2.12,1.59,4.63,6.31,8.2,0.0
Chris Brooks,RB,GB,MIN,2.71,2.78,1.048,0.733,1.026,11.019,2.0,4500.0,0.005,GB_MIN,2.81,2.75,4.82,6.14,7.6,0.0
Mitchell Evans,TE,CAR,CHI,0.72,0.8,1.104,0.832,1.111,3.171,3.21,2600.0,0.005,CAR_CHI,1.7,0.83,4.08,6.04,7.88,0.0
Ray-Ray McCloud,WR,NYG,DAL,0.59,0.67,1.1,0.803,1.136,2.656,3.22,3000.0,0.005,DAL_NYG,1.64,0.66,4.0,6.0,8.17,0.0
Elijah Arroyo,TE,SEA,NE,0.5,0.55,1.102,0.814,1.1,2.18,3.33,2600.0,0.005,NE_SEA,1.56,0.41,3.9,5.97,8.23,0.0
Jake Bobo,WR,SEA,NE,0.95,1.04,1.111,0.889,1.095,4.122,2.98,3000.0,0.005,NE_SEA,1.76,0.97,4.12,5.94,7.78,0.0
Xavier Smith,WR,LAR,SF,0.07,0.08,1.101,0.805,1.143,0.317,3.61,3000.0,0.005,LAR_SF,1.44,0.02,3.78,5.91,8.26,0.0
Josh Whyle,TE,GB,MIN,2.03,2.18,1.113,0.904,1.074,8.641,2.34,2500.0,0.005,GB_MIN,2.25,2.01,4.39,5.87,7.31,0.0
Luke Schoonmaker,TE,DAL,NYG,3.46,3.83,1.116,0.926,1.107,15.18,1.43,2500.0,0.005,DAL_NYG,3.44,3.41,4.93,5.82,6.83,0.0
Konata Mumpfield,WR,LAR,SF,1.32,1.46,1.101,0.811,1.106,5.787,2.62,3200.0,0.005,LAR_SF,1.82,1.27,4.07,5.71,7.43,0.0
David Martin-Robinson,TE,TEN,NYJ,2.08,2.37,1.111,0.885,1.139,9.394,2.17,2500.0,0.005,NYJ_TEN,2.27,2.07,4.33,5.66,7.05,0.0
Luke Farrell,TE,SF,LA,0.57,0.61,1.111,0.892,1.07,2.418,3.14,2500.0,0.005,LA_SF,1.55,0.54,3.81,5.65,7.74,0.0
Cade Stover,TE,HOU,BUF,2.16,2.34,1.11,0.877,1.083,9.275,2.0,2500.0,0.005,BUF_HOU,2.31,2.17,4.2,5.55,7.02,0.0
Corey Kiner,RB,ARI,LAC,2.19,2.27,1.051,0.718,1.037,8.997,2.07,4000.0,0.005,ARI_LAC,2.29,2.15,4.29,5.55,7.0,0.0
Kylen Granson,TE,PHI,WAS,1.91,2.16,1.102,0.815,1.131,8.561,2.01,2500.0,0.005,PHI_WAS,2.12,1.93,4.05,5.37,6.73,0.0
Tylan Wallace,WR,BAL,IND,0.02,0.02,1.111,0.885,1.0,0.079,3.15,3000.0,0.005,BAL_IND,1.28,0.06,3.36,5.27,7.33,0.0
Jackson Hawes,TE,BUF,HOU,0.62,0.65,1.108,0.863,1.048,2.576,2.75,2500.0,0.005,BUF_HOU,1.44,0.63,3.52,5.15,6.86,0.0
Max Brosmer,QB,MIN,GB,3.04,3.44,1.12,0.0,1.132,13.635,1.25,4000.0,0.005,GB_MIN,3.06,3.04,4.38,5.14,6.07,0.0
Tom Kennedy,WR,DET,NO,0.0,0.0,1.095,0.758,1.0,0.0,3.1,3000.0,0.005,DET_NO,1.23,0.0,3.26,5.13,7.31,0.0
Ashton Dulin,WR,IND,BAL,0.94,1.05,1.101,0.806,1.117,4.162,2.55,3200.0,0.005,BAL_IND,1.55,0.98,3.5,5.03,6.87,0.0
Brycen Tremayne,WR,CAR,CHI,0.71,0.79,1.105,0.839,1.113,3.131,2.62,3000.0,0.005,CAR_CHI,1.42,0.75,3.39,4.98,6.69,0.0
Jordan Watkins,WR,SF,LA,3.58,3.88,1.117,0.94,1.084,15.379,0.85,3300.0,0.005,LA_SF,3.58,3.58,4.46,4.96,5.54,0.0
Ryan Miller,WR,TB,CIN,0.01,0.0,1.117,0.937,0.0,0.0,3.01,3000.0,0.005,CIN_TB,1.18,0.0,3.01,4.88,7.02,0.0
Ben Sims,TE,MIN,GB,3.54,4.3,1.201,0.806,1.215,17.043,0.75,2500.0,0.005,GB_MIN,3.54,3.55,4.31,4.79,5.33,0.0
Dont'e Thornton Jr.,WR,LV,MIA,1.18,1.33,1.103,0.823,1.127,5.272,2.18,3300.0,0.005,LV_MIA,1.62,1.26,3.42,4.77,6.28,0.0
Cooper Rush,QB,BAL,IND,1.12,1.26,1.12,0.0,1.125,4.994,2.13,4000.0,0.005,BAL_IND,1.54,1.13,3.36,4.73,6.21,0.0
Nate Carter,RB,ATL,PIT,3.33,3.42,1.029,0.736,1.027,13.555,0.85,4000.0,0.005,ATL_PIT,3.31,3.31,4.19,4.69,5.24,0.0
Zaire Mitchell-Paden,TE,NO,DET,2.69,3.01,1.121,0.97,1.119,11.93,1.2,2500.0,0.005,DET_NO,2.69,2.67,3.92,4.67,5.48,0.0
Foster Moreau,TE,NO,DET,2.27,2.51,1.108,0.865,1.106,9.948,1.45,2600.0,0.005,DET_NO,2.3,2.28,3.76,4.66,5.64,0.0
Jaylin Lane,WR,WAS,PHI,0.08,0.08,1.092,0.735,1.0,0.317,2.71,3100.0,0.005,PHI_WAS,1.15,0.15,2.96,4.57,6.45,0.0
DJ Giddens,RB,IND,BAL,1.67,1.71,1.025,0.686,1.024,6.778,1.75,4300.0,0.005,BAL_IND,1.84,1.69,3.5,4.54,5.89,0.0
Beaux Collins,WR,NYG,DAL,2.22,2.52,1.104,0.832,1.135,9.988,1.37,3000.0,0.005,DAL_NYG,2.27,2.26,3.66,4.48,5.42,0.0
Jimmy Horn Jr.,WR,CAR,CHI,1.5,1.67,1.107,0.86,1.113,6.619,1.86,3000.0,0.005,CAR_CHI,1.75,1.57,3.45,4.47,5.89,0.0
Savion Williams,WR,GB,MIN,0.34,0.36,1.11,0.879,1.059,1.427,2.5,3200.0,0.005,GB_MIN,1.21,0.4,2.96,4.45,6.1,0.0
Johnny Mundt,TE,JAX,CLE,1.79,1.91,1.105,0.84,1.067,7.57,1.44,2500.0,0.005,CLE_JAX,1.86,1.76,3.29,4.23,5.22,0.0
Jalin Hyatt,WR,NYG,DAL,0.64,0.72,1.088,0.703,1.125,2.854,2.21,3000.0,0.005,DAL_NYG,1.23,0.65,2.92,4.21,5.64,0.0
Jordan Whittington,WR,LAR,SF,0.44,0.49,1.103,0.821,1.114,1.942,2.26,3500.0,0.005,LAR_SF,1.17,0.52,2.85,4.19,5.78,0.0
James Mitchell,TE,CAR,CHI,0.98,1.09,1.116,0.927,1.112,4.32,1.86,2500.0,0.005,CAR_CHI,1.35,0.98,2.93,4.02,5.31,0.0
Jalen Brooks,WR,ARI,LAC,0.12,0.13,1.105,0.838,1.083,0.515,2.36,3000.0,0.005,ARI_LAC,1.01,0.11,2.63,3.97,5.74,0.0
Dylan Drummond,WR,ATL,PIT,0.06,0.06,1.084,0.672,1.0,0.238,2.44,3000.0,0.005,ATL_PIT,0.99,0.04,2.54,3.96,5.68,0.0
Charlie Woerner,TE,ATL,PIT,0.63,0.7,1.101,0.807,1.111,2.774,1.99,2500.0,0.005,ATL_PIT,1.13,0.57,2.69,3.92,5.18,0.0
Jalen Royals,WR,KC,DEN,1.09,1.16,1.09,0.717,1.064,4.598,1.7,3200.0,0.005,DEN_KC,1.35,1.1,2.82,3.89,4.94,0.0
Zamir White,RB,LV,MIA,1.48,1.61,1.066,0.81,1.088,6.381,1.42,4000.0,0.005,LV_MIA,1.61,1.5,2.98,3.88,4.74,0.0
Austin Trammell,WR,JAX,CLE,0.27,0.29,1.093,0.746,1.074,1.149,2.18,3000.0,0.005,CLE_JAX,1.02,0.28,2.54,3.87,5.31,0.0
Ben Skowronek,WR,PIT,ATL,0.01,0.01,1.116,0.926,1.0,0.04,2.35,3000.0,0.005,ATL_PIT,0.94,0.02,2.41,3.85,5.57,0.0
British Brooks,RB,HOU,BUF,0.34,0.35,1.028,0.734,1.029,1.387,2.1,4000.0,0.005,BUF_HOU,1.01,0.3,2.51,3.84,5.27,0.0
Tyler Badie,RB,DEN,KC,1.08,1.16,1.077,0.839,1.074,4.598,1.65,4000.0,0.005,DEN_KC,1.33,1.07,2.77,3.79,4.91,0.0
Will Shipley,RB,PHI,WAS,1.26,1.38,1.073,0.85,1.095,5.47,1.52,4100.0,0.005,PHI_WAS,1.45,1.29,2.85,3.73,4.69,0.0
Jamari Thrash,WR,CLE,JAX,1.22,1.29,1.107,0.857,1.057,5.113,1.54,3000.0,0.005,CLE_JAX,1.39,1.19,2.8,3.73,4.79,0.0
Anthony Richardson,QB,IND,BAL,0.89,1.09,1.22,0.823,1.225,4.32,1.67,4900.0,0.005,BAL_IND,1.23,0.92,2.64,3.7,4.9,0.0
KhaDarel Hodge,WR,ATL,PIT,0.01,0.01,1.079,0.631,1.0,0.04,2.16,3000.0,0.005,ATL_PIT,0.89,0.04,2.32,3.62,5.05,0.0
Tip Reiman,TE,ARI,LAC,0.95,1.03,1.109,0.875,1.084,4.082,1.44,2500.0,0.005,ARI_LAC,1.17,0.97,2.45,3.35,4.2,0.0
Velus Jones Jr.,WR,SEA,NE,1.11,1.24,1.125,1.0,1.117,4.915,1.29,4000.0,0.005,NE_SEA,1.25,1.09,2.49,3.27,4.07,0.0
Tim Jones,WR,JAX,CLE,0.22,0.23,1.114,0.914,1.045,0.912,1.77,3000.0,0.005,CLE_JAX,0.85,0.25,2.12,3.11,4.36,0.0
Nick Westbrook-Ikhine,WR,MIA,LV,0.04,0.04,1.101,0.808,1.0,0.159,1.77,3700.0,0.005,LV_MIA,0.74,0.07,1.92,3.02,4.18,0.0
Deven Thompkins,WR,ATL,PIT,0.01,0.01,1.112,0.897,1.0,0.04,1.8,3000.0,0.005,ATL_PIT,0.71,0.03,1.8,2.95,4.14,0.0
Jelani Woods,TE,NYJ,TEN,1.34,1.55,1.116,0.925,1.157,6.143,0.99,2500.0,0.005,NYJ_TEN,1.37,1.34,2.36,2.93,3.6,0.0
Jonathan Mingo,WR,DAL,NYG,0.3,0.33,1.121,0.967,1.1,1.308,1.57,3100.0,0.005,DAL_NYG,0.77,0.28,1.91,2.86,4.0,0.0
Arian Smith,WR,NYJ,TEN,1.05,1.2,1.107,0.853,1.143,4.756,1.07,3000.0,0.005,NYJ_TEN,1.13,1.04,2.15,2.79,3.55,0.0
Britain Covey,WR,PHI,WAS,0.27,0.31,1.103,0.822,1.148,1.229,1.51,3000.0,0.005,PHI_WAS,0.76,0.28,1.89,2.74,3.82,0.0
Lucas Krull,TE,DEN,KC,2.35,2.6,1.114,0.911,1.106,10.305,0.21,2500.0,0.005,DEN_KC,2.35,2.36,2.56,2.7,2.84,0.0
Tyson Bagent,QB,CHI,CAR,1.39,1.58,1.12,0.819,1.137,6.262,0.69,4000.0,0.005,CAR_CHI,1.4,1.39,2.12,2.54,2.99,0.0
Kene Nwangwu,RB,NYJ,TEN,0.79,0.84,1.039,0.746,1.063,3.329,1.08,4000.0,0.005,NYJ_TEN,0.93,0.81,1.9,2.53,3.3,0.0
Durham Smythe,TE,CHI,CAR,1.13,1.26,1.108,0.866,1.115,4.994,0.84,2500.0,0.005,CAR_CHI,1.16,1.12,1.99,2.5,3.03,0.0
Tay Martin,WR,WAS,PHI,1.91,2.04,1.124,0.995,1.068,8.086,0.35,3000.0,0.005,PHI_WAS,1.91,1.91,2.27,2.49,2.72,0.0
LeQuint Allen Jr.,RB,JAX,CLE,0.84,0.88,1.066,0.84,1.048,3.488,1.03,4300.0,0.005,CLE_JAX,0.95,0.84,1.87,2.42,3.13,0.0
Bryce Oliver,WR,TEN,NYJ,0.33,0.38,1.111,0.887,1.152,1.506,1.27,3000.0,0.005,NYJ_TEN,0.68,0.32,1.62,2.42,3.23,0.0
Jack Westover,TE,NE,SEA,1.0,1.08,1.114,0.908,1.08,4.281,0.82,2500.0,0.005,NE_SEA,1.05,1.0,1.85,2.38,2.88,0.0
Dareke Young,WR,SEA,NE,0.0,0.0,1.116,0.924,1.0,0.0,1.48,3000.0,0.005,NE_SEA,0.58,0.0,1.49,2.37,3.49,0.0
Trent Sherfield,WR,ARI,LAC,0.69,0.75,1.118,0.942,1.087,2.973,1.02,3000.0,0.005,ARI_LAC,0.83,0.67,1.75,2.33,3.04,0.0
Cam Grandy,TE,CIN,TB,1.76,1.98,1.123,0.982,1.125,7.848,0.35,2500.0,0.005,CIN_TB,1.75,1.75,2.11,2.32,2.54,0.0
Eric Saubert,TE,SEA,NE,0.35,0.39,1.104,0.836,1.114,1.546,1.17,2500.0,0.005,NE_SEA,0.66,0.32,1.57,2.32,3.11,0.0
Ronnie Rivers,RB,LAR,SF,0.02,0.02,1.058,0.833,1.0,0.079,1.36,4000.0,0.005,LAR_SF,0.55,0.01,1.44,2.3,3.16,0.0
Hassan Haskins,RB,LAC,ARI,0.17,0.18,1.053,0.804,1.059,0.713,1.25,4000.0,0.005,ARI_LAC,0.58,0.17,1.42,2.22,2.99,0.0
Reggie Gilliam,RB,BUF,HOU,0.33,0.35,1.088,0.945,1.061,1.387,1.11,4000.0,0.005,BUF_HOU,0.62,0.32,1.47,2.19,2.89,0.0
Ben Yurosek,TE,MIN,GB,0.71,0.8,1.111,0.888,1.127,3.171,0.89,2500.0,0.005,GB_MIN,0.82,0.72,1.63,2.18,2.85,0.0
Evan Hull,RB,NO,DET,1.03,1.09,1.061,0.824,1.058,4.32,0.67,4000.0,0.005,DET_NO,1.05,1.03,1.72,2.13,2.59,0.0
Tahj Brooks,RB,CIN,TB,0.6,0.64,1.057,0.824,1.067,2.537,0.9,4100.0,0.005,CIN_TB,0.72,0.57,1.51,2.08,2.72,0.0
Kaleb Johnson,RB,PIT,ATL,0.54,0.57,1.061,0.832,1.056,2.259,0.91,4400.0,0.005,ATL_PIT,0.7,0.53,1.48,2.07,2.65,0.0
Skyy Moore,WR,SF,LA,0.07,0.08,1.116,0.926,1.143,0.317,1.24,3000.0,0.005,LA_SF,0.54,0.08,1.39,2.06,2.92,0.0
Frank Gore Jr.,RB,BUF,HOU,0.2,0.22,1.095,0.96,1.1,0.872,1.13,4000.0,0.005,BUF_HOU,0.57,0.23,1.38,2.06,2.77,0.0
Trevor Etienne,RB,CAR,CHI,0.08,0.08,1.06,0.833,1.0,0.317,1.19,4500.0,0.005,CAR_CHI,0.53,0.12,1.35,2.04,2.78,0.0
David Moore,WR,CAR,CHI,0.56,0.63,1.113,0.904,1.125,2.497,0.79,3000.0,0.005,CAR_CHI,0.66,0.54,1.39,1.84,2.4,0.0
Jared Wiley,TE,KC,DEN,0.15,0.16,1.114,0.912,1.067,0.634,0.99,2500.0,0.005,DEN_KC,0.49,0.2,1.2,1.8,2.54,0.0
Joshua Dobbs,QB,NE,SEA,0.78,0.92,1.22,0.714,1.179,3.646,0.6,4000.0,0.005,NE_SEA,0.81,0.8,1.41,1.77,2.17,0.0
Dameon Pierce,RB,KC,DEN,0.32,0.33,1.046,0.772,1.031,1.308,0.88,4000.0,0.005,DEN_KC,0.52,0.29,1.23,1.77,2.32,0.0
Josh Williams,RB,TB,CIN,0.47,0.5,1.046,0.805,1.064,1.982,0.78,4000.0,0.005,CIN_TB,0.61,0.48,1.29,1.75,2.28,0.0
Tai Felton,WR,MIN,GB,0.34,0.39,1.115,0.922,1.147,1.546,0.83,3000.0,0.005,GB_MIN,0.52,0.33,1.2,1.71,2.21,0.0
DeeJay Dallas,RB,JAX,CLE,0.12,0.13,1.08,0.916,1.083,0.515,0.94,4000.0,0.005,CLE_JAX,0.45,0.14,1.12,1.69,2.43,0.0
Pharaoh Brown,TE,ARI,LAC,0.13,0.14,1.113,0.906,1.077,0.555,0.94,2500.0,0.005,ARI_LAC,0.44,0.13,1.1,1.67,2.23,0.0
Patrick Ricard,RB,BAL,IND,0.41,0.45,1.089,0.922,1.098,1.784,0.78,4000.0,0.005,BAL_IND,0.55,0.4,1.19,1.65,2.24,0.0
Robert Tonyan,TE,KC,DEN,0.35,0.38,1.117,0.934,1.086,1.506,0.78,2500.0,0.005,DEN_KC,0.52,0.36,1.17,1.61,2.15,0.0
Dylan Laube,RB,LV,MIA,0.01,0.01,1.065,0.843,1.0,0.04,0.93,4000.0,0.005,LV_MIA,0.4,0.04,1.01,1.59,2.23,0.0
Payne Durham,TE,TB,CIN,0.33,0.38,1.115,0.922,1.152,1.506,0.74,2500.0,0.005,CIN_TB,0.49,0.34,1.11,1.57,2.06,0.0
Colson Yankoff,TE,WAS,PHI,0.15,0.16,1.116,0.926,1.067,0.634,0.84,2500.0,0.005,PHI_WAS,0.42,0.16,1.04,1.54,2.04,0.0
Chris Manhertz,TE,NYG,DAL,0.09,0.1,1.116,0.925,1.111,0.396,0.85,2500.0,0.005,DAL_NYG,0.38,0.09,0.96,1.49,2.11,0.0
Nikko Remigio,WR,KC,DEN,0.0,0.0,1.12,0.963,1.0,0.0,0.86,3000.0,0.005,DEN_KC,0.35,0.0,0.9,1.45,2.0,0.0
Zach Wilson,QB,MIA,LV,0.06,0.07,1.12,0.543,1.167,0.277,0.83,4000.0,0.005,LV_MIA,0.35,0.06,0.89,1.39,1.95,0.0
Devin Duvernay,WR,CHI,CAR,0.0,0.0,1.114,0.915,1.0,0.0,0.81,3000.0,0.005,CAR_CHI,0.33,0.03,0.84,1.36,1.84,0.0
Carter Runyon,TE,LV,MIA,0.06,0.06,1.108,0.864,1.0,0.238,0.75,2500.0,0.005,LV_MIA,0.34,0.07,0.85,1.32,1.83,0.0
Ke'Shawn Williams,WR,CIN,TB,0.4,0.45,1.12,0.962,1.125,1.784,0.5,3000.0,0.005,CIN_TB,0.46,0.41,0.91,1.22,1.57,0.0
Anthony Gould,WR,IND,BAL,0.37,0.41,1.119,0.952,1.108,1.625,0.53,3000.0,0.005,BAL_IND,0.45,0.37,0.92,1.22,1.6,0.0
Tyler Goodson,RB,IND,BAL,0.24,0.26,1.068,0.861,1.083,1.031,0.58,4000.0,0.005,BAL_IND,0.37,0.25,0.86,1.2,1.57,0.0
Jalen Milroe,QB,SEA,NE,-0.91,-1.02,1.12,1.0,1.121,-4.043,1.27,4000.0,0.005,NE_SEA,0.18,0.0,0.41,1.15,2.03,0.0
Alex Bachman,WR,LV,MIA,0.03,0.04,1.117,0.933,1.333,0.159,0.66,3000.0,0.005,LV_MIA,0.29,0.05,0.72,1.13,1.57,0.0
Derius Davis,WR,LAC,ARI,0.14,0.15,1.117,0.939,1.071,0.595,0.58,3000.0,0.005,ARI_LAC,0.3,0.14,0.72,1.07,1.48,0.0
Julius Chestnut,RB,TEN,NYJ,0.01,0.01,1.076,0.898,1.0,0.04,0.64,4000.0,0.005,NYJ_TEN,0.26,0.01,0.67,1.03,1.45,0.0
AJ Dillon,RB,PHI,WAS,0.34,0.37,1.065,0.828,1.088,1.467,0.41,4000.0,0.005,PHI_WAS,0.39,0.34,0.76,1.02,1.32,0.0
Blake Whiteheart,TE,CLE,JAX,0.03,0.03,1.114,0.914,1.0,0.119,0.54,2500.0,0.005,CLE_JAX,0.23,0.02,0.6,0.93,1.32,0.0
Roschon Johnson,RB,CHI,CAR,0.14,0.15,1.087,0.967,1.071,0.595,0.47,4000.0,0.005,CAR_CHI,0.27,0.14,0.62,0.91,1.23,0.0
Drew Lock,QB,SEA,NE,-0.04,-0.05,1.22,0.67,1.25,-0.198,0.45,4000.0,0.005,NE_SEA,0.16,0.0,0.42,0.69,1.02,0.0
Jacob Saylors,RB,DET,NO,0.0,0.0,1.085,0.958,1.0,0.0,0.33,4000.0,0.005,DET_NO,0.13,0.0,0.33,0.55,0.8,0.0
Kalel Mullings,RB,TEN,NYJ,0.15,0.17,1.084,0.958,1.133,0.674,0.21,4000.0,0.005,NYJ_TEN,0.18,0.15,0.37,0.5,0.65,0.0
Nick Mullens,QB,JAX,CLE,-0.05,-0.06,1.32,0.88,1.2,-0.238,0.33,4000.0,0.005,CLE_JAX,0.11,0.0,0.29,0.49,0.72,0.0
Craig Reynolds,RB,DET,NO,0.01,0.01,1.073,0.911,1.0,0.04,0.18,4000.0,0.005,DET_NO,0.08,0.01,0.2,0.31,0.44,0.0
Sione Vaki,RB,DET,NO,0.0,0.0,1.09,0.979,1.0,0.0,0.14,4000.0,0.005,DET_NO,0.06,0.0,0.14,0.23,0.34,0.0
Feleipe Franks,TE,ATL,PIT,0.0,0.0,1.125,1.0,1.0,0.0,0.08,2500.0,0.005,ATL_PIT,0.03,0.0,0.08,0.13,0.19,0.0
Travis Homer,RB,CHI,CAR,-0.0,-0.0,1.09,0.982,1.0,-0.0,0.07,4000.0,0.005,CAR_CHI,0.03,0.0,0.07,0.11,0.16,0.0
Kedon Slovis,QB,ARI,LAC,-0.04,-0.04,1.12,0.994,1.0,-0.159,0.06,4000.0,0.005,ARI_LAC,0.01,0.0,0.02,0.06,0.1,0.0
Isaac Guerendo,RB,SF,LA,0.0,0.0,1.095,1.0,1.0,0.0,0.0,4000.0,0.005,LA_SF,0.0,0.0,0.0,0.0,0.0,0.0
River Cracraft,WR,WAS,PHI,0.0,0.0,1.125,1.0,1.0,0.0,0.0,3000.0,0.005,PHI_WAS,0.0,0.0,0.0,0.0,0.0,0.0
Robbie Ouzts,RB,SEA,NE,0.0,0.0,1.095,0.944,1.0,0.0,0.0,4000.0,0.005,NE_SEA,0.0,0.0,0.0,0.0,0.0,0.0
Trey Sermon,RB,PIT,ATL,0.0,0.0,1.095,1.0,1.0,0.0,0.0,4000.0,0.005,ATL_PIT,0.0,0.0,0.0,0.0,0.0,0.0
Dominic Lovett,WR,DET,NO,0.0,0.0,1.125,1.0,1.0,0.0,0.0,3000.0,0.005,DET_NO,0.0,0.0,0.0,0.0,0.0,0.0
Kyle Allen,QB,DET,NO,-0.12,-0.13,1.12,0.838,1.083,-0.515,0.07,4000.0,0.005,DET_NO,0.0,0.0,0.0,0.0,0.04,0.0
Ko Kieft,TE,TB,CIN,0.0,0.0,1.125,1.0,1.0,0.0,0.0,2500.0,0.005,CIN_TB,0.0,0.0,0.0,0.0,0.0,0.0
Charlie Jones,WR,CIN,TB,0.0,0.0,1.121,0.969,1.0,0.0,0.0,3000.0,0.005,CIN_TB,0.0,0.0,0.0,0.0,0.0,0.0
Laquon Treadwell,WR,IND,BAL,0.0,0.0,1.125,1.0,1.0,0.0,0.0,3000.0,0.005,BAL_IND,0.0,0.0,0.0,0.0,0.0,0.0
Jalen Moreno-Cropper,WR,DAL,NYG,0.0,0.0,1.125,1.0,1.0,0.0,0.0,3000.0,0.005,DAL_NYG,0.0,0.0,0.0,0.0,0.0,0.0
Coleman Owen,WR,IND,BAL,0.0,0.0,1.115,0.921,1.0,0.0,0.0,3000.0,0.005,BAL_IND,0.0,0.0,0.0,0.0,0.0,0.0
LaJohntay Wester,WR,BAL,IND,0.0,0.0,1.125,1.0,1.0,0.0,0.0,3000.0,0.005,BAL_IND,0.0,0.0,0.0,0.0,0.0,0.0
Dalen Cambre,WR,NYG,DAL,0.0,0.0,1.125,1.0,1.0,0.0,0.0,3000.0,0.005,DAL_NYG,0.0,0.0,0.0,0.0,0.0,0.0
Myles Price,WR,MIN,GB,0.0,0.0,1.125,1.0,1.0,0.0,0.0,3000.0,0.005,GB_MIN,0.0,0.0,0.0,0.0,0.0,0.0
Justin Shorter,TE,LV,MIA,0.0,0.0,1.125,1.0,1.0,0.0,0.0,3000.0,0.005,LV_MIA,0.0,0.0,0.0,0.0,0.0,0.0
Nick Kallerup,TE,SEA,NE,0.0,0.0,1.104,0.833,1.0,0.0,0.0,2500.0,0.005,NE_SEA,0.0,0.0,0.0,0.0,0.0,0.0
Brady Russell,RB,SEA,NE,0.0,0.0,1.095,0.983,1.0,0.0,0.0,4000.0,0.005,NE_SEA,0.0,0.0,0.0,0.0,0.0,0.0
Cameron Latu,TE,PHI,WAS,0.0,0.0,1.125,1.0,1.0,0.0,0.0,2500.0,0.005,PHI_WAS,0.0,0.0,0.0,0.0,0.0,0.0
Teagan Quitoriano,TE,ATL,PIT,0.0,0.0,1.125,1.0,1.0,0.0,0.0,2500.0,0.005,ATL_PIT,0.0,0.0,0.0,0.0,0.0,0.0
Simi Fehoko,WR,ARI,LAC,0.0,0.0,1.125,1.0,1.0,0.0,0.0,3000.0,0.005,ARI_LAC,0.0,0.0,0.0,0.0,0.0,0.0
Nikola Kalinic,TE,CHI,CAR,0.0,0.0,1.125,1.0,1.0,0.0,0.0,2500.0,0.005,CAR_CHI,0.0,0.0,0.0,0.0,0.0,0.0
Brayden Willis,TE,SF,LA,0.0,0.0,1.119,0.956,1.0,0.0,0.0,2500.0,0.005,LA_SF,0.0,0.0,0.0,0.0,0.0,0.0
